מילת_מפתח,ספירה,סוג,וариантים,וариантים_קשורים,קבוצת_מושג
ישראל,305,ביטוי,ישראל (164); בישראל (60); ישראלים (44); מדינת ישראל (19); לישראל (14); ובישראל (3); מישראל (1),אזרחי ישראל; ארץ ישראל; בחינה ימין הישראלי ופוליטיקאים; הישראלי ופוליטיקאים; הישראלי-פלסטיני; ופוליטיקאים ישראלים; ימין הישראלי; ימין הישראלי ופוליטיקאים,
מלחמה,131,מונח_ידוע,מלחמה (45); המלחמה (36); מלחמות (17); למלחמה (8); במלחמה (7); כמלחמה (4); במלחמות (3); ממלחמות (2); ומלחמות (2); ממלחמה (2); ומלחמת (2); והמלחמות (1); והמלחמה (1); המלחמות (1),מלחמה ה-7 באוקטובר; מלחמה השחרור; מלחמה התקומה; מלחמה חרבות ברזל; מלחמה עזה 2023; מלחמה ששת; פשע מלחמה,עימות צבאי מתמשך נגד יריב סביב מטרה אסטרטגית אחת או יותר
אדם,128,מילה,אדם (86); אנשים (21); האנשים (8); לאנשים (4); האדם (4); ואנשים (2); לאדם (2); שאדם (1),,
זכות,111,מילה,זכויות (75); בזכויות (9); זכות (8); הזכות (4); כזכות (4); ובזכויות (3); וזכויות (3); לזכויות (2); והזכויות (1); הזכויות (1); מזכות (1),זכות אדם,
מדינה,102,מילה,המדינה (71); מדינה (16); למדינה (6); במדינה (4); שמדינה (2); והמדינה (1); ומדינה (1); ממדינה (1),ומבקר מדינה; מוסד מדינה; מקום מדינה; שהמדינה,
ממשלה,102,מילה,ממשלות (63); ממשלה (19); הממשלה (16); בממשלה (2); לממשלה (1); וממשלה (1),,
שטח,96,מונח_ידוע,בשטח (22); בשטחים (14); לשטח (13); שטח (12); השטחים (11); השטח (6); לשטחים (5); משטח (3); שטחים (2); שטחה (2); והשטחים (1); ושטחים (1); מהשטח (1); בשטחה (1); לשטחה (1); כשטח (1),,המרחב שבין הקו הירוק לנהר הירדן
תקשורת,90,מילה,תקשורת (63); ותקשורת (15); בתקשורת (4); התקשורת (4); ובתקשורת (3); והתקשורת (1),תקשורת בינלאומית; תקשורת ישראלית,
עזה,86,מילה,בעזה (36); עזה (35); לעזה (10); מעזה (2); ועזה (2); ובעזה (1),,
גבול,78,מילה,גבול (21); גבולות (19); הגבול (13); כגבול (8); בגבול (4); לגבול (4); לגבולות (3); וגבולות (2); ובגבולות (1); בגבולות (1); שגבולות (1); וכגבול (1),גבול אושוויץ,
ביטחון,77,מילה,הביטחון (40); ביטחון (25); בביטחון (5); והביטחון (3); וביטחון (2); לביטחון (2),הצבא ומערכת ביטחון; ודוברי הצבא ומערכת ביטחון; ומערכת ביטחון; מערכת ביטחון; רצועת ביטחון,
מדיניות,76,מילה,מדיניות (52); המדיניות (12); במדיניות (6); ומדיניות (4); כמדיניות (1); ממדיניות (1),ומסמכי מדיניות,
אזרח,74,מילה,אזרחים (39); באזרחים (17); לאזרחים (7); אזרח (5); האזרחים (3); האזרח (2); ובאזרחים (1),אזרחי ישראל; הרג אזרחים; פגיעה אזרח; פלסטיני אזרחי ישראל,
אקדמי,66,מילה,אקדמי (66),אקדמי ומשפטי; ושיח אקדמי,
אלימה,65,מילה,אלימות (43); האלימות (10); אלימה (5); ואלימות (3); באלימות (2); ובאלימות (1); לאלימות (1),,
זכות אדם,62,ביטוי,זכויות אדם (62),זכות,
מחאות,62,מונח_ידוע,מחאה (18); המחאה (16); מחאות (11); שהמחאה (3); ומחאות (3); במחאה (3); ובמחאות (2); והמחאות (1); והמחאה (1); במחאות (1); המחאות (1); למחאה (1); כמחאה (1),,יציאה המונית של אנשים למרחב הציבורי כדי למחות או להביע עמדה
אוכלוסייה,60,מילה,האוכלוסייה (23); אוכלוסייה (18); לאוכלוסייה (4); אוכלוסיות (4); האוכלוסיות (3); באוכלוסייה (3); אוכלוסין (2); ואוכלוסייה (1); לאוכלוסיות (1); האוכלוסין (1),,
חוק,60,מילה,חוק (29); החוק (11); חוקים (7); בחוק (4); לחוק (3); ובחוק (2); כחוק (2); החוקים (1); והחוק (1),,
ימין,58,מילה,הימין (32); ימין (20); וימין (2); והימין (1); בימין (1); לימין (1); מימין (1),בחינה ימין; בחינה ימין הישראלי ופוליטיקאים; ימין הישראלי; ימין הישראלי ופוליטיקאים,
פגיעה,58,מילה,פגיעה (23); הפגיעה (21); לפגיעה (5); והפגיעה (2); כפגיעה (2); מפגיעה (2); בפגיעה (2); מפגיעות (1),פגיעה אזרח; פגיעה בבלתי מעורבים,
ממשלות ישראל,57,ביטוי,ממשלות ישראל (57),ממשלות ישראל וגופים; ממשלות ישראל ודוברי; ממשלות ישראל ודוברי הצבא; ישראל,
כיבוש,56,מונח_ידוע,כיבוש (30); הכיבוש (18); וכיבוש (3); לכיבוש (2); ככיבוש (2); בכיבוש (1),כיבוש דיר יאסין; כיבוש צבאי,שלטון צבאי ישראלי על אוכלוסייה פלסטינית
תקשורת ישראלית,55,ביטוי,תקשורת ישראלית (52); ותקשורת ישראלית (3),תקשורת; ישראל,
שמאלנים,54,מונח_ידוע,השמאל (27); שמאל (15); 0מאלנים (4); שמאלנים (3); השמאלנים (1); והשמאל (1); שמאלני (1); ומשמאל (1); ושמאל (1),,מחנה המחאה הליברלי נגד נתניהו והרפורמה המשפטית
הצבא,53,מילה,הצבא (53),הצבא ומערכת; הצבא ומערכת ביטחון; ודוברי הצבא; ודוברי הצבא ומערכת; ודוברי הצבא ומערכת ביטחון; ישראל ודוברי הצבא; ישראל ודוברי הצבא ומערכת; ממשלות ישראל ודוברי הצבא,
7 באוקטובר,51,ביטוי,7 באוקטובר (28); באוקטובר 2023 (17); אוקטובר 2023 (5); באוקטובר (1),אירוע ה-7 באוקטובר; ב-7 באוקטובר; ב-7 באוקטובר 2023; ה-7 באוקטובר; טבח ה-7 באוקטובר; מחדל ה-7 באוקטובר; מלחמה ה-7 באוקטובר; מתקפת ה-7 באוקטובר,
ארגון,50,מילה,ארגונים (24); וארגונים (14); ארגון (6); הארגון (3); לארגון (1); בארגון (1); וארגון (1),ארגון פלסטיניים,
טרור,50,מילה,טרור (37); הטרור (4); בטרור (3); וטרור (2); כטרור (2); לטרור (2),טרור מתנחל; פעולת טרור,
אירוע,47,מילה,אירוע (16); אירועים (9); כאירוע (7); לאירוע (5); האירועים (4); לאירועים (3); באירועים (2); באירוע (1),אירוע ה-7 באוקטובר,
ביקורת,42,מילה,ביקורת (27); בביקורת (6); ובביקורת (3); הביקורת (3); וביקורת (2); לביקורת (1),הביקורתי,
טבח,42,מונח_ידוע,טבח (25); הטבח (7); כטבח (7); וטבח (1); בטבח (1); לטבח (1),,הרג המוני מכוון של אוכלוסייה
גדה המערבית,40,מונח_ידוע,הגדה המערבית (14); בגדה (10); בגדה המערבית (7); הגדה (5); ובגדה (2); לגדה (2),,המרחב שבין הקו הירוק לנהר הירדן
ודוברי,40,מילה,ודוברי (40),ודוברי הצבא; ודוברי הצבא ומערכת; ודוברי הצבא ומערכת ביטחון; ישראל ודוברי; ישראל ודוברי הצבא; ישראל ודוברי הצבא ומערכת; ממשלות ישראל ודוברי; ממשלות ישראל ודוברי הצבא,
מוסד,40,מילה,ומוסדות (17); מוסדות (10); במוסדות (5); ממוסד (5); המוסדות (1); והמוסד (1); המוסד (1),גופי האו״ם מוסד; גופי האו״ם מוסד בינלאומיים; האו״ם מוסד; האו״ם מוסד בינלאומיים; מוסד בינלאומיים; מוסד מדינה,
ודוברי הצבא,38,ביטוי,ודוברי הצבא (38),ודוברי הצבא ומערכת; ודוברי הצבא ומערכת ביטחון; ישראל ודוברי הצבא; ישראל ודוברי הצבא ומערכת; ממשלות ישראל ודוברי הצבא; ודוברי; הצבא,
ישראל ודוברי,38,ביטוי,ישראל ודוברי (38),ישראל ודוברי הצבא; ישראל ודוברי הצבא ומערכת; ממשלות ישראל ודוברי; ממשלות ישראל ודוברי הצבא; ודוברי; ישראל,
ישראל ודוברי הצבא,38,ביטוי,ישראל ודוברי הצבא (38),ישראל ודוברי הצבא ומערכת; ממשלות ישראל ודוברי הצבא; ישראל ודוברי; ודוברי הצבא; ודוברי; ישראל; הצבא; ממשלות ישראל ודוברי,
ממשלות ישראל ודוברי,37,ביטוי,ממשלות ישראל ודוברי (37),ממשלות ישראל ודוברי הצבא; ישראל ודוברי; ממשלות ישראל; ודוברי; ישראל; ישראל ודוברי הצבא; ישראל ודוברי הצבא ומערכת; ממשלות ישראל וגופים,
ממשלות ישראל ודוברי הצבא,37,ביטוי,ממשלות ישראל ודוברי הצבא (37),ממשלות ישראל ודוברי; ישראל ודוברי הצבא; ישראל ודוברי; ממשלות ישראל; ודוברי הצבא; ודוברי; ישראל; הצבא,
לבנון,36,מילה,לבנון (20); בלבנון (7); ובלבנון (5); ללבנון (2); ולבנון (2),דרום לבנון; עזה לבנון,
צפון,36,מילה,הצפון (16); בצפון (7); וצפון (5); והצפון (4); ובצפון (2); צפון (2),,
אקדמי ומשפטי,35,ביטוי,אקדמי ומשפטי (35),אקדמי,
אחריות,34,מילה,האחריות (15); אחריות (13); באחריות (4); מהאחריות (1); לאחריות (1),,
סכסוך,34,מונח_ידוע,הסכסוך (23); סכסוך (7); בסכסוך (3); והסכסוך (1),סכסוך הישראלי-פלסטיני,המצב המדיני־ביטחוני בין ישראל לפלסטינים מאז 1967
המתאר,33,מילה,המתאר (19); המתארים (14),,
ועיתונאים,30,מילה,ועיתונאים (30),ופרשנים ועיתונאים; פרשנים ועיתונאים,
הרג,29,מילה,הרג (18); ההרג (7); בהרג (2); מהרג (1); והרג (1),,
פינוי,29,מונח_ידוע,פינוי (20); הפינוי (4); בפינוי (4); ופינוי (1),,הזזה כפויה של אוכלוסייה ממקום מגורים או שהייה בהקשר של סכסוך ופעולה מדינתית
מ-2023,28,מילה,מ-2023 (28),וביתר שאת מ-2023; מ-2023 סביב,
אויב,27,מילה,אויב (13); לאויב (8); האויב (6),סיוע אויב; שטח אויב,
האו״ם,26,מילה,האו״ם (26),גופי האו״ם; גופי האו״ם מוסד; גופי האו״ם מוסד בינלאומיים; האו״ם מוסד; האו״ם מוסד בינלאומיים; וגופי האו״ם,
הגנה,26,מילה,הגנה (12); ההגנה (8); כהגנה (2); וההגנה (1); ובהגנה (1); ומגנה (1); והגנה (1),,
פליט,26,מונח_ידוע,פליטים (10); הפליטים (8); לפליטים (4); כפליטים (3); בפליטים (1),,"אנשים שנכנסו לישראל ללא מעמד קבוע, בשל סכסוך, רדיפה או מצוקה"
צה״ל,26,מילה,צה״ל (23); וצה״ל (2); לצה״ל (1),,
ארץ,25,מילה,בארץ (12); הארץ (6); ארץ (4); לארץ (2); מארץ (1),,
בחינה שמאל,25,ביטוי,מחנה השמאל (20); ומחנה השמאל (5),,
ירושלים,25,מילה,ירושלים (20); בירושלים (2); ובירושלים (1); לירושלים (1); וירושלים (1),מזרח ירושלים,
דרום,24,מילה,בדרום (13); הדרום (4); והדרום (2); מדרום (2); דרום (2); לדרום (1),דרום לבנון,
הגירה,24,מילה,הגירה (16); ההגירה (3); בהגירה (2); וההגירה (1); והגירה (1); כהגירה (1),הגירה מרצון,
סיוע,24,מילה,סיוע (19); הסיוע (2); וסיוע (1); כסיוע (1); לסיוע (1),סיוע אויב; סיוע הומניטרי,
פוליטיקאים,24,מילה,פוליטיקאים (24),בחינה ימין הישראלי ופוליטיקאים; הישראלי ופוליטיקאים; ופוליטיקאים; ופוליטיקאים ישראלים; ימין הישראלי ופוליטיקאים; פוליטיקאים ישראלים,
פיגוע,24,מונח_ידוע,פיגועים (10); פיגוע (6); בפיגועים (2); בפיגוע (2); והפיגועים (1); הפיגועים (1); הפיגוע (1); לפיגוע (1),,פעולה אלימה ממניע לאומי/פוליטי במסגרת הסכסוך הישראלי־פלסטיני
יהודה ושומרון,23,מונח_ידוע,ביהודה ושומרון (15); יהודה ושומרון (8),,המרחב שבין הקו הירוק לנהר הירדן
פוליטיקאים ישראלים,23,ביטוי,פוליטיקאים ישראלים (23),ופוליטיקאים ישראלים; פוליטיקאים; ישראל,
פרשנים,23,מילה,פרשנים (23),ופרשנים; ופרשנים ועיתונאים; פרשנים ועיתונאים,
פשע,23,מילה,פשע (12); פשעים (3); לפשע (2); כפשע (2); מפשע (2); והפשעים (1); בפשע (1),,
בחינה ימין,22,ביטוי,מחנה הימין (22),בחינה ימין הישראלי ופוליטיקאים; ימין,
הסברה,22,מונח_ידוע,הסברה (12); ההסברה (6); בהסברה (3); והסברה (1),,מאמץ מאורגן לעיצוב תודעה ודעת קהל ביחס למדיניות ופעולות ישראל
התבסס,22,מילה,התבסס (22),התבסס מאז,
ויכוח,22,מילה,ויכוחים (12); ויכוח (8); וויכוחים (2),,
חמאס,22,מילה,חמאס (17); בחמאס (3); כחמאס (1); החמאס (1),,
חרבות ברזל,22,מונח_ידוע,חרבות ברזל (20); וחרבות ברזל (1); בחרבות ברזל (1),מלחמה חרבות ברזל,המלחמה שנפתחה בעקבות מתקפת 7 באוקטובר 2023
כנסת,22,מילה,כנסת (8); בכנסת (7); הכנסת (4); והכנסת (2); ובכנסת (1),,
נתניהו,22,מילה,נתניהו (19); לנתניהו (2); בנתניהו (1),,
שמאל הישראלי,22,ביטוי,השמאל הישראלי (22),ישראל,
דיווחים,21,מילה,דיווחים (21),,
פרשנים ועיתונאים,21,ביטוי,פרשנים ועיתונאים (21),ופרשנים ועיתונאים; ועיתונאים; פרשנים,
חטופים,20,מונח_ידוע,חטופים (9); החטופים (8); וחטופים (3),החטופים,אנשים המוחזקים בידי הצד השני במסגרת הסכסוך
רצח,20,מילה,רצח (20),,
גירוש,19,מונח_ידוע,גירוש (14); וגירוש (4); הגירוש (1),,הזזה כפויה של אוכלוסייה ממקום מגורים או שהייה בהקשר של סכסוך ופעולה מדינתית
וביתר,19,מילה,וביתר (19),וביתר שאת מ-2023,
לחימה,19,מילה,לחימה (19),בלחימה; הלחימה; סבבי הלחימה,
ארגון פלסטיניים,18,ביטוי,ארגונים פלסטיניים (16); וארגונים פלסטיניים (2),ארגון,
זיכרון,18,מילה,זיכרון (18),הזיכרון,
ימין הישראלי,18,ביטוי,הימין הישראלי (18),בחינה ימין הישראלי ופוליטיקאים; ימין הישראלי ופוליטיקאים; ישראל; ימין,
נכנס,18,מילה,נכנס (15); נכנסים (3),נכנס לשיח,
הפגנות,17,מונח_ידוע,הפגנות (9); והפגנות (3); ההפגנות (3); וההפגנות (1); בהפגנות (1),,יציאה המונית של אנשים למרחב הציבורי כדי למחות או להביע עמדה
חיסול,17,מונח_ידוע,חיסול (15); החיסול (2),,הרג יזום של יעד ביטחוני בידי מדינת ישראל
לוחם,17,מילה,לוחמים (8); לוחם (4); ללוחמים (3); בלוחמים (1); הלוחם (1),,
שליטה,17,מילה,שליטה (17),לשליטה,
תגובה,17,מונח_ידוע,תגובה (8); כתגובה (4); והתגובה (1); ובתגובה (1); התגובה (1); בתגובה (1); לתגובה (1),,פעולה צבאית/ביטחונית חדשה בעקבות אירוע קודם במסגרת הסכסוך
הלחימה,16,מילה,הלחימה (16),סבבי הלחימה; לחימה,
ופרשנים,16,מילה,ופרשנים (16),ופרשנים ועיתונאים; פרשנים,
חקירה,16,מילה,חקירה (10); חקירות (6),,
מן,16,מילה,מן (16),,
מתנחל,16,מילה,מתנחלים (12); המתנחלים (3); למתנחלים (1),אלימות מתנחל; טרור מתנחל,
עקירה,16,מונח_ידוע,עקירה (11); העקירה (4); ועקירה (1),,הזזה כפויה של אוכלוסייה ממקום מגורים או שהייה בהקשר של סכסוך ופעולה מדינתית
שבויים,16,מונח_ידוע,שבויים (16),,אנשים המוחזקים בידי הצד השני במסגרת הסכסוך
האינתיפאדה,15,מילה,האינתיפאדה (12); האינתיפאדות (3),האינתיפאדה השנייה; מאז האינתיפאדה,
המבקש,15,מילה,המבקשים (11); המבקש (4),,
המתייחס,15,מילה,המתייחסים (10); המתייחס (5),מתייחס,
הפך,15,מילה,הפך (15),,
מאבק,15,מילה,מאבק (11); מאבקים (4),,
מחקר,15,מילה,מחקר (15),ומכוני מחקר,
מעצר,15,מילה,מעצר (9); מעצרים (6),מעצר מנהלי,
מקלט,15,מילה,מקלט (15),מבקשי מקלט,
משפט בינלאומי,15,ביטוי,במשפט הבינלאומי (8); המשפט הבינלאומי (4); משפט בינלאומי (2); במשפט בינלאומי (1),,
שימש,15,מילה,שימש (15),,
הצבא ומערכת,14,ביטוי,הצבא ומערכת (14),הצבא ומערכת ביטחון; ודוברי הצבא ומערכת; ודוברי הצבא ומערכת ביטחון; ישראל ודוברי הצבא ומערכת; הצבא,
הראשונה,14,מילה,הראשונות (7); הראשונה (7),שונה,
הרפורמה המשפטית,14,מונח_ידוע,והרפורמה המשפטית (7); הרפורמה המשפטית (7),,תוכנית לשינויים רחבים במערכת המשפט וביחסי הרשויות בישראל
התחזק,14,מילה,התחזק (14),,
ודוברי הצבא ומערכת,14,ביטוי,ודוברי הצבא ומערכת (14),ודוברי הצבא ומערכת ביטחון; ישראל ודוברי הצבא ומערכת; הצבא ומערכת; ודוברי הצבא; ודוברי; הצבא; ישראל ודוברי הצבא; ממשלות ישראל ודוברי הצבא,
ומערכת ביטחון,14,ביטוי,ומערכת הביטחון (14),הצבא ומערכת ביטחון; ודוברי הצבא ומערכת ביטחון; מערכת ביטחון; ביטחון,
ופוליטיקאים,14,מילה,ופוליטיקאים (14),בחינה ימין הישראלי ופוליטיקאים; הישראלי ופוליטיקאים; ופוליטיקאים ישראלים; ימין הישראלי ופוליטיקאים; פוליטיקאים,
ישראל ודוברי הצבא ומערכת,14,ביטוי,ישראל ודוברי הצבא ומערכת (14),ודוברי הצבא ומערכת; ישראל ודוברי הצבא; ישראל ודוברי; הצבא ומערכת; ודוברי הצבא; ודוברי; ישראל; הצבא,
עולים,14,מונח_ידוע,עולים (12); העולים (1); בעולים (1),,הגעה של תושבי חוץ להשתקעות בישראל
ענישה,14,מונח_ידוע,ענישה (13); וענישה (1),,מדיניות אמצעים נגד אוכלוסייה או קבוצה לשם מניעה או תגובה
תקיפה,14,מילה,תקיפות (9); תקיפה (5),,
הרתעה,13,מונח_ידוע,הרתעה (10); ההרתעה (2); בהרתעה (1),,מדיניות אמצעים נגד אוכלוסייה או קבוצה לשם מניעה או תגובה
חיים,13,מילה,חיים (13),תנאי חיים,
יאסין,13,מילה,יאסין (13),דיר יאסין; טבח דיר יאסין; כיבוש דיר יאסין; פרשת דיר יאסין,
כפר,13,מילה,כפרים (8); כפר (5),,
מבצע,13,מונח_ידוע,מבצע (6); מבצעים (5); המבצע (1); במבצע (1),מבצעי; מבצעית; פעולה מבצעית,עימות צבאי מתמשך נגד יריב סביב מטרה אסטרטגית אחת או יותר
מעורבים,13,מילה,מעורבים (13),פגיעה בבלתי מעורבים,
משטר,13,מילה,משטר (8); המשטר (2); ומשטרים (1); למשטר (1); במשטר (1),ההפיכה המשטרית; משטרה,
משפחה,13,מילה,משפחות (10); משפחה (3),,
נשק,13,מילה,הנשק (10); נשק (2); כנשק (1),,
רחבה,13,מילה,רחבה (10); רחבות (3),,
האחרונות,12,מילה,האחרונות (12),,
הצבא ומערכת ביטחון,12,ביטוי,הצבא ומערכת הביטחון (12),ודוברי הצבא ומערכת ביטחון; ומערכת ביטחון; מערכת ביטחון; הצבא ומערכת; ביטחון; הצבא,
ודוברי הצבא ומערכת ביטחון,12,ביטוי,ודוברי הצבא ומערכת הביטחון (12),הצבא ומערכת ביטחון; ודוברי הצבא ומערכת; ומערכת ביטחון; מערכת ביטחון; הצבא ומערכת; ודוברי הצבא; ביטחון; ודוברי,
ישראל עולם,12,ביטוי,בישראל ובעולם (12),ישראל; עולם,
כתבות,12,מילה,כתבות (12),,
מאחזים,12,מונח_ידוע,מאחזים (10); המאחזים (1); ומאחזים (1),,היישובים היהודיים בגדה
מטרה,12,מילה,מטרות (9); מטרה (3),במטרה,
מכוון,12,מילה,מכוון (12),,
מלחמת העצמאות,12,מונח_ידוע,מלחמת העצמאות (12),,המלחמה על עתיד הארץ והקמת מדינת ישראל 1947–1949
מסמך,12,מילה,מסמכים (7); במסמכים (3); ובמסמכים (1); ומסמכים (1),מסמך רשמיים,
מעלים,12,מילה,מעלים (12),,
מציב,12,מילה,מציב (12),,
משטרה,12,מילה,המשטרה (6); והמשטרה (4); כמשטרה (1); משטרה (1),משטר,
סחורות,12,מילה,סחורות (12),,
עולם,12,מילה,בעולם (6); העולם (6),ישראל עולם,
עימות,12,מילה,עימותים (7); עימות (5),העימות; קו העימות,
קבוע,12,מילה,קבוע (9); קבועים (3),,
קו הירוק,12,מונח_ידוע,הקו הירוק (12),,הגבול בין ישראל לשכנותיה על פי הסכמי שביתת הנשק 1949
קמפיינים,12,מילה,קמפיינים (12),קמפיינים ציבוריים,
שלטון,12,מילה,שלטון (12),השלטון; שלטון הפקידים; שלטון חוק,
איום,11,מילה,איום (11),,
אפרטהייד,11,מונח_ידוע,אפרטהייד (6); האפרטהייד (4); כאפרטהייד (1),,המצב המדיני־ביטחוני בין ישראל לפלסטינים מאז 1967
בחברה,11,מילה,בחברה (11),בחברה הערבית; חברה,
בקרב,11,מילה,בקרב (11),,
ברשתות,11,מילה,ברשתות (11),ברשתות החברתיות,
גופי האו״ם,11,ביטוי,גופי האו״ם (11),גופי האו״ם מוסד; גופי האו״ם מוסד בינלאומיים; וגופי האו״ם; האו״ם,
היקף,11,מילה,היקף (11),,
המכשול,11,מילה,המכשול (11),,
התנועה,11,מילה,התנועה (11),תנועה,
ופעילים,11,מילה,ופעילים (11),פעיל,
חיזבאללה,11,מילה,חיזבאללה (11),,
חייל,11,מילה,חיילים (3); וחיילים (2); חייל (2); ובחיילים (1); בחיילים (1); כחייל (1); שחייל (1),,
מבקשי מקלט,11,מונח_ידוע,מבקשי מקלט (8); ומבקשי מקלט (3),מקלט,"אנשים שנכנסו לישראל ללא מעמד קבוע, בשל סכסוך, רדיפה או מצוקה"
מוסד בינלאומיים,11,ביטוי,ומוסדות בינלאומיים (11),גופי האו״ם מוסד בינלאומיים; האו״ם מוסד בינלאומיים; מוסד,
מעמד,11,מילה,מעמד (11),למעמד; מעמדם,
סבבי,11,מילה,סבבי (11),סבבי הלחימה,
ערב,11,מילה,ערבים (6); ערב (5),,
קרב,11,מילה,קרב (11),,
אזרחי ישראל,10,ביטוי,אזרחי ישראל (10),פלסטיני אזרחי ישראל; ישראל; אזרח,
ארץ ישראל,10,ביטוי,בארץ ישראל (6); לארץ ישראל (2); ארץ ישראל (2),ישראל,
גיוס,10,מילה,גיוס (10),גזירת הגיוס; חוק הגיוס,
דין,10,מילה,דין (10),,
האו״ם מוסד,10,ביטוי,האו״ם ומוסדות (10),גופי האו״ם מוסד; גופי האו״ם מוסד בינלאומיים; האו״ם מוסד בינלאומיים; האו״ם; מוסד,
האו״ם מוסד בינלאומיים,10,ביטוי,האו״ם ומוסדות בינלאומיים (10),גופי האו״ם מוסד בינלאומיים; מוסד בינלאומיים; האו״ם מוסד; האו״ם; מוסד; גופי האו״ם מוסד,
התנקשות,10,מונח_ידוע,התנקשות (10),,הרג יזום של יעד ביטחוני בידי מדינת ישראל
חוויית,10,מילה,חוויית (10),,
מוגדר,10,מילה,מוגדר (7); מוגדרים (3),מוגדרת,
מוות,10,מילה,מוות (10),המוות,
מלחמה חרבות ברזל,10,ביטוי,מלחמת חרבות ברזל (10),חרבות ברזל; מלחמה,
מעבר,10,מונח_ידוע,מעבר (7); במעבר (2); המעבר (1),,נקודת בקרה שמסדירה ומגבילה תנועה בין אזורים בשליטה שונה
משפט הומניטרי,10,ביטוי,המשפט ההומניטרי (6); במשפט ההומניטרי (4),המשפט הומניטרי,
נאומים,10,מילה,נאומים (10),,
ניתוח,10,מילה,ניתוח (6); ניתוחים (4),,
נקודת,10,מילה,נקודת (10),נקודת המבט,
סדר,10,מילה,סדר (10),,
עלייה,10,מילה,עלייה (10),העלייה,
עקורים,10,מונח_ידוע,עקורים (10),,אנשים שנאלצו לעזוב את מקום מגוריהם בישראל בשל סכסוך או החלטת מדינה
עשוי,10,מילה,עשוי (10),,
עשרות,10,מילה,עשרות (10),,
ציבור,10,מילה,ציבור (10),הפרעה לסדר הציבורי; הציבור; קמפיינים ציבוריים,
רצועת עזה,10,ביטוי,רצועת עזה (7); ברצועת עזה (3),,
תחילת,10,מילה,תחילת (10),מאז תחילת,
תנועה,10,מילה,תנועה (10),התנועה,
אסירים,9,מונח_ידוע,אסירים (7); האסירים (1); ואסירים (1),,אנשים המוחזקים בידי הצד השני במסגרת הסכסוך
ב-7,9,מילה,ב-7 (9),,
ב-7 באוקטובר,9,ביטוי,ב-7 באוקטובר (9),ב-7 באוקטובר 2023; 7 באוקטובר,
בג״ץ,9,מילה,בג״ץ (9),,
בית,9,מילה,בית (9),,
במפורש,9,מילה,במפורש (9),,
גופי האו״ם מוסד,9,ביטוי,גופי האו״ם ומוסדות (9),גופי האו״ם מוסד בינלאומיים; גופי האו״ם; האו״ם מוסד; האו״ם; מוסד; האו״ם מוסד בינלאומיים,
גופי האו״ם מוסד בינלאומיים,9,ביטוי,גופי האו״ם ומוסדות בינלאומיים (9),האו״ם מוסד בינלאומיים; גופי האו״ם מוסד; מוסד בינלאומיים; גופי האו״ם; האו״ם מוסד; האו״ם; מוסד,
דוד,9,מילה,דוד (9),,
הביקורתי,9,מילה,הביקורתי (9),ביקורת,
ההבדלים,9,מילה,ההבדלים (9),,
ההפיכה,9,מילה,ההפיכה (9),ההפיכה המשטרית,
ההתיישבות,9,מילה,ההתיישבות (9),התיישבות,
המבט,9,מילה,המבט (9),נקודת המבט,
המנדט,9,מילה,המנדט (9),המנדט הבריטי,
הנכבה,9,מונח_ידוע,הנכבה (9),נכבה,המלחמה על עתיד הארץ והקמת מדינת ישראל 1947–1949
הקמת,9,מילה,הקמת (9),,
התנגדות,9,מילה,התנגדות (9),ההתנגדות; פעולת התנגדות,
ומכוני,9,מילה,ומכוני (9),ומכוני מחקר,
זהות,9,מילה,זהות (9),הזהות,
חדשות,9,מילה,חדשות (9),,
חקיקה,9,מילה,חקיקה (9),,
ישירה,9,מילה,ישירה (6); ישירות (3),ישיר,
כוונה,9,מילה,כוונה (9),,
כליאה,9,מילה,כליאה (9),כליאה ללא משפט,
ממד,9,מילה,ממד (9),,
ממסגר,9,מילה,ממסגר (9),,
מקום מדינה,9,ביטוי,קום המדינה (9),מדינה,
משפט בין-לאומי,9,ביטוי,במשפט הבין-לאומי (6); המשפט הבין-לאומי (3),,
פעיל,9,מילה,פעילים (6); פעיל (3),ופעילים,
קפלן,9,מילה,קפלן (9),מחאת קפלן,
שביתת נשק,9,ביטוי,שביתת הנשק (9),קו שביתת נשק,
שונה,9,מילה,שונות (6); שונה (3),הראשונה,
תקשורת בינלאומית,9,ביטוי,ותקשורת בינלאומית (5); תקשורת בינלאומית (4),תקשורת,
אוסלו,8,מילה,אוסלו (8),,
אמנה,8,מילה,אמנות (3); ואמנות (2); האמנות (1); לאמנות (1); באמנה (1),,
ב-7 באוקטובר 2023,8,ביטוי,ב-7 באוקטובר 2023 (8),ב-7 באוקטובר; 7 באוקטובר,
באמצעות,8,מילה,באמצעות (8),,
בדיווח,8,מילה,בדיווחים (4); בדיווח (4),,
בולט,8,מילה,בולט (8),בולט במיוחד,
בולט במיוחד,8,ביטוי,בולט במיוחד (8),בולט,
בכיר,8,מילה,בכירים (5); בכיר (3),,
ברורה,8,מילה,ברורה (8),,
בתים,8,מילה,בתים (8),,
גוש,8,מילה,גוש (8),,
דיר יאסין,8,ביטוי,דיר יאסין (8),טבח דיר יאסין; כיבוש דיר יאסין; פרשת דיר יאסין; יאסין,
האינתיפאדה השנייה,8,ביטוי,האינתיפאדה השנייה (8),האינתיפאדה,
האצ״ל,8,ביטוי,האצ״ל (7); והאצ״ל (1),,
הבריטי,8,מילה,הבריטי (8),המנדט הבריטי,
ההיבט,8,מילה,ההיבט (8),,
ההתנתקות,8,מילה,ההתנתקות (8),התנתקות,
הודעות,8,מילה,הודעות (8),,
הזהות,8,מילה,הזהות (8),זהות,
הזיכרון,8,מילה,הזיכרון (8),זיכרון,
החטופים,8,מילה,החטופים (8),חטופים,
הישראלי-פלסטיני,8,מילה,הישראלי-פלסטיני (8),סכסוך הישראלי-פלסטיני; ישראל,
הליך,8,מילה,הליך (8),תהליך,
המוות,8,מילה,המוות (8),מוות,
המזוהים,8,מילה,המזוהים (8),,
העימות,8,מילה,העימות (8),קו העימות; עימות,
הפער,8,מילה,הפער (8),,
הציבור,8,מילה,הציבור (8),הפרעה לסדר הציבורי; ציבור,
השוואה,8,מילה,השוואות (5); השוואה (3),,
השחרור,8,מילה,השחרור (8),מלחמה השחרור; שחרור,
השלטון,8,מילה,השלטון (8),שלטון,
השפה,8,מילה,השפה (8),,
ומסיח,8,מילה,ומסיח (8),ומסיח מן,
זר,8,מילה,זר (8),,
חרדים,8,מילה,חרדים (8),,
לאומנית,8,מילה,לאומנית (8),פשיעה לאומנית,
מאז תחילת,8,ביטוי,מאז תחילת (8),תחילת,
מהגרים,8,מונח_ידוע,מהגרים (7); ומהגרים (1),מהגרי,הגעה של תושבי חוץ להשתקעות בישראל
מידע,8,מילה,מידע (8),,
מכוונת,8,מילה,מכוונת (8),,
ממלכתי,8,מילה,ממלכתיים (4); ממלכתי (4),,
מסתננים,8,מונח_ידוע,מסתננים (7); המסתננים (1),,"אנשים שנכנסו לישראל ללא מעמד קבוע, בשל סכסוך, רדיפה או מצוקה"
מפונים,8,מונח_ידוע,מפונים (6); המפונים (2),,אנשים שנאלצו לעזוב את מקום מגוריהם בישראל בשל סכסוך או החלטת מדינה
מתייחס,8,מילה,מתייחס (8),המתייחס,
נזק,8,מילה,נזק (8),,
עבודה,8,מילה,עבודה (8),,
פשע מלחמה,8,ביטוי,פשעי מלחמה (3); פשע מלחמה (3); לפשע מלחמה (2),מלחמה,
קבוצות,8,מילה,קבוצות (8),,
קטיף,8,מילה,קטיף (8),גוש קטיף,
רקע,8,מילה,רקע (8),,
שחרור,8,מילה,שחרור (8),השחרור; מלחמה השחרור,
איסור,7,מילה,איסור (7),,
אתני,7,מילה,אתני (7),טיהור אתני,
ב-1948,7,מילה,ב-1948 (7),,
בהקשרים,7,מילה,בהקשרים (7),,
בכפרים,7,מילה,בכפרים (7),,
בלבד,7,מילה,בלבד (7),,
בלפור,7,מילה,בלפור (7),,
במרחב,7,מילה,במרחב (7),,
גוש קטיף,7,ביטוי,גוש קטיף (7),קטיף,
גנאי,7,מילה,גנאי (7),,
דרום לבנון,7,ביטוי,בדרום לבנון (6); דרום לבנון (1),לבנון; דרום,
ה-7 באוקטובר,7,ביטוי,ה-7 באוקטובר (7),אירוע ה-7 באוקטובר; טבח ה-7 באוקטובר; מחדל ה-7 באוקטובר; מלחמה ה-7 באוקטובר; מתקפת ה-7 באוקטובר; 7 באוקטובר,
הגדר,7,מילה,הגדר (7),ההגדרה,
ההפרדה,7,מילה,ההפרדה (7),גדר ההפרדה; חומת ההפרדה,
הוצאה להורג,7,מונח_ידוע,הוצאה להורג (7),,הרג יזום של יעד ביטחוני בידי מדינת ישראל
החברה,7,מילה,החברה (7),חברה,
החברתיות,7,מילה,החברתיות (7),ברשתות החברתיות,
החינוך,7,מילה,החינוך (7),מערכת החינוך; חינוך,
הישראלי ופוליטיקאים,7,ביטוי,הישראלי ופוליטיקאים (7),בחינה ימין הישראלי ופוליטיקאים; ימין הישראלי ופוליטיקאים; ופוליטיקאים; פוליטיקאים; ישראל,
הכניסה,7,מילה,הכניסה (7),,
הכפייה,7,מילה,הכפייה (7),,
המבקרים,7,מילה,המבקרים (7),,
המדברים,7,מילה,המדברים (7),,
הנוכחות,7,מילה,הנוכחות (7),נוכחות; נוכח,
הסדר,7,מילה,הסדר (4); הסדרים (3),,
העברת,7,מילה,העברת (7),,
הצורך,7,מילה,הצורך (7),,
הרג אזרחים,7,מונח_ידוע,הרג אזרחים (7),אזרח,פגיעה באזרחים במהלך תקיפות צבאיות
הריסת,7,מילה,הריסת (7),,
השואה,7,מילה,השואה (7),,
התבסס מאז,7,ביטוי,התבסס מאז (7),התבסס,
התנתקות,7,מונח_ידוע,התנתקות (5); וההתנתקות (1); בהתנתקות (1),ההתנתקות,הזזה כפויה של אוכלוסייה ממקום מגורים או שהייה בהקשר של סכסוך ופעולה מדינתית
וגופי האו״ם,7,ביטוי,וגופי האו״ם (7),גופי האו״ם; האו״ם,
ומכוני מחקר,7,ביטוי,ומכוני מחקר (7),ומכוני; מחקר,
ומסיח מן,7,ביטוי,ומסיח מן (7),ומסיח,
ועדת,7,מילה,ועדת (7),,
ופרשנים ועיתונאים,7,ביטוי,ופרשנים ועיתונאים (7),פרשנים ועיתונאים; ועיתונאים; ופרשנים; פרשנים,
ושיח אקדמי,7,ביטוי,ושיח אקדמי (7),אקדמי,
חברה,7,מילה,חברה (7),בחברה; בחברה הערבית; החברה,
חופש,7,מילה,חופש (7),,
חזרה,7,מילה,חזרה (7),,
חירום,7,מילה,חירום (7),,
חריפה,7,מילה,חריפה (7),,
יצירת,7,מילה,יצירת (7),יצירת תנאי,
ישיר,7,מילה,ישיר (7),ישירה,
מאז האינתיפאדה,7,ביטוי,מאז האינתיפאדה (7),האינתיפאדה,
מדיניים,7,מילה,מדיניים (7),,
מחאת,7,מילה,מחאת (7),מחאת קפלן,
מלחמה ששת,7,ביטוי,במלחמת ששת (4); מלחמת ששת (3),מלחמה,
מעמדם,7,מילה,מעמדם (7),מעמד,
מערכת ביטחון,7,ביטוי,מערכת הביטחון (7),הצבא ומערכת ביטחון; ודוברי הצבא ומערכת ביטחון; ומערכת ביטחון; ביטחון,
מצייר,7,מילה,מצייר (7),,
מצמצם,7,מילה,מצמצם (7),,
מתקפת,7,מילה,מתקפת (7),מתקפת ה-7 באוקטובר,
נהרג,7,מונח_ידוע,נהרג (7),נהרגו,מוות של בני אדם בסכסוך/אלימות/אסון
נוספים,7,מילה,נוספים (7),,
נותר,7,מילה,נותר (7),,
נפוץ,7,מילה,נפוץ (7),,
נקודת המבט,7,ביטוי,נקודת המבט (7),נקודת; המבט,
סוף,7,מילה,סוף (7),,
סיכול ממוקד,7,מונח_ידוע,סיכול ממוקד (7),,הרג יזום של יעד ביטחוני בידי מדינת ישראל
סיכולים,7,מילה,סיכולים (7),סיכולים ממוקדים,
סיכולים ממוקדים,7,ביטוי,סיכולים ממוקדים (7),סיכולים,
סיקור,7,מילה,סיקור (7),,
סכנה,7,מילה,סכנה (7),,
עזה לבנון,7,ביטוי,בעזה ובלבנון (5); לעזה וללבנון (2),לבנון,
עיר דוד,7,מונח_ידוע,עיר דוד (7),,המרחב הארכאולוגי־עירוני מדרום לחומות העיר העתיקה בירושלים
פוגרומים,7,מילה,פוגרומים (7),,
פעולת,7,מילה,פעולת (7),פעולת התנגדות; פעולת טרור,
פשיעה,7,מילה,פשיעה (7),פשיעה לאומנית,
פתרון,7,מילה,פתרון (7),,
רשויות,7,מילה,רשויות (7),הרשויות,
ששת,7,מילה,ששת (7),,
תכנון,7,מילה,תכנון (7),,
תנאי,7,מילה,תנאי (7),יצירת תנאי; תנאי חיים,
תרפ״ט,7,מילה,תרפ״ט (7),מאורעות תרפ״ט; פרעות תרפ״ט,
אושוויץ,6,מילה,אושוויץ (6),גבול אושוויץ,
איומים,6,מילה,איומים (6),,
אישום,6,מילה,אישום (6),,
אלפי,6,מילה,אלפי (6),,
אסון,6,מילה,אסון (6),,
בזירה,6,מילה,בזירה (6),בזירה בינלאומית,
בזירה בינלאומית,6,ביטוי,בזירה הבינלאומית (6),בזירה,
בחברה הערבית,6,ביטוי,בחברה הערבית (6),בחברה; חברה,
בחינה ימין הישראלי ופוליטיקאים,6,ביטוי,מחנה הימין הישראלי ופוליטיקאים (6),ימין הישראלי ופוליטיקאים; הישראלי ופוליטיקאים; ימין הישראלי; ופוליטיקאים; בחינה ימין; פוליטיקאים; ישראל; ימין,
בלחימה,6,מילה,בלחימה (6),לחימה,
בלט,6,מילה,בלט (6),,
בתקופת,6,מילה,בתקופת (6),,
גבוהה,6,מילה,גבוהה (6),,
דיוני,6,מילה,דיוני (6),,
ההגדרה,6,מילה,ההגדרה (6),הגדר,
ההיסטורית,6,מילה,ההיסטורית (6),,
ההתנגדות,6,מילה,ההתנגדות (6),התנגדות,
ההתנחלויות,6,מילה,ההתנחלויות (6),התנחלויות,
החוויה,6,מילה,החוויה (6),,
החלטת,6,מילה,החלטת (6),,
החרדי,6,מילה,החרדי (6),,
הכבושים,6,מילה,הכבושים (6),שטח הכבושים; כבוש,
הכפר,6,מילה,הכפר (6),,
המנדט הבריטי,6,ביטוי,המנדט הבריטי (6),הבריטי; המנדט,
המערכה,6,מילה,המערכה (6),,
המשפט הומניטרי,6,ביטוי,המשפט ההומניטרי (6),משפט הומניטרי,
המתקפה,6,מילה,המתקפה (6),,
העברה,6,מילה,העברה (6),,
הפרת,6,מילה,הפרת (6),,
הצדדים,6,מילה,הצדדים (6),,
הריבונות,6,מילה,הריבונות (6),ריבונות,
הרשויות,6,מילה,הרשויות (6),רשויות,
השמדה,6,מילה,השמדה (6),,
התיישבות,6,מילה,התיישבות (6),ההתיישבות,
התנחלויות,6,מונח_ידוע,התנחלויות (3); וההתנחלויות (1); והתנחלויות (1); בהתנחלויות (1),ההתנחלויות,היישובים היהודיים בגדה
התעצם,6,מילה,התעצם (6),,
ובלט,6,מילה,ובלט (6),,
והיסטוריונים,6,מילה,והיסטוריונים (6),,
והשב״כ,6,מילה,והשב״כ (6),,
וחוקרים,6,מילה,וחוקרים (6),,
ופוליטיקאים ישראלים,6,ביטוי,ופוליטיקאים ישראלים (6),פוליטיקאים ישראלים; ופוליטיקאים; פוליטיקאים; ישראל,
חוסל,6,מונח_ידוע,חוסל (6),,מוות של בני אדם בסכסוך/אלימות/אסון
חוקיים,6,מילה,חוקיים (6),בלתי חוקיים; קיים,
חינוך,6,מילה,חינוך (6),החינוך; מערכת החינוך,
חסרי,6,מילה,חסרי (6),,
יחסית,6,מילה,יחסית (6),,
ימין הישראלי ופוליטיקאים,6,ביטוי,הימין הישראלי ופוליטיקאים (6),בחינה ימין הישראלי ופוליטיקאים; הישראלי ופוליטיקאים; ימין הישראלי; ופוליטיקאים; פוליטיקאים; ישראל; ימין,
ישראל וגופים,6,ביטוי,ישראל וגופים (6),ממשלות ישראל וגופים; ישראל,
כבוש,6,מילה,כבוש (6),הכבושים; שטח הכבושים; שטח כבוש,
כולם,6,מילה,כולם (6),,
כניסת,6,מילה,כניסת (6),,
כשהוא,6,מילה,כשהוא (6),,
לח״י,6,ביטוי,והלח״י (6),,
לימוד,6,מילה,לימוד (6),,
לכאורה,6,מילה,לכאורה (6),,
למעמד,6,מילה,למעמד (6),מעמד,
לשליטה,6,מילה,לשליטה (6),שליטה,
מ-2023 סביב,6,ביטוי,מ-2023 סביב (6),מ-2023,
מאמרים,6,מילה,מאמרים (6),,
מבצעי,6,מילה,מבצעי (6),מבצעית; פעולה מבצעית; מבצע,
מוגבל,6,מילה,מוגבלים (3); מוגבל (3),,
מוגדרת,6,מילה,מוגדרת (6),מוגדר,
מוסד מדינה,6,ביטוי,מוסדות המדינה (4); במוסדות המדינה (2),מדינה; מוסד,
מחבלים,6,מילה,מחבלים (6),,
מחבר,6,מילה,מחבר (6),ומחבר,
מיעוט,6,מילה,מיעוטים (3); מיעוט (3),,
ממשל צבאי,6,מונח_ידוע,ממשל צבאי (6),,שלטון צבאי ישראלי על אוכלוסייה פלסטינית
מניעת,6,מילה,מניעת (6),,
מעצר מנהלי,6,מונח_ידוע,מעצר מנהלי (6),מעצר,שלילת חירות ללא כתב אישום והליך פלילי מלא
מרכז,6,מילה,מרכז (6),במרכז,
מרצון,6,מילה,מרצון (6),הגירה מרצון,
מתוכננת,6,מילה,מתוכננת (6),,
נוכחות,6,מילה,נוכחות (6),הנוכחות; נוכח,
ניהול,6,מילה,ניהול (6),,
ניסיון,6,מילה,ניסיון (6),,
נכבה,6,מילה,נכבה (6),הנכבה,
נכנס לשיח,6,ביטוי,נכנס לשיח (6),נכנס,
נרצחו,6,מילה,נרצחו (6),נרצח,
סילוואן,6,מונח_ידוע,סילוואן (5); בסילוואן (1),,המרחב הארכאולוגי־עירוני מדרום לחומות העיר העתיקה בירושלים
עליו,6,מילה,עליו (6),,
פגיעה אזרח,6,ביטוי,לפגיעה באזרחים (3); פגיעה באזרחים (3),פגיעה; אזרח,
צבא,6,מילה,צבא (6),,
קודם,6,מילה,קודם (6),,
קולקטיבית,6,מילה,קולקטיבית (6),,
ריבונות,6,מילה,ריבונות (6),הריבונות,
רצח עם,6,מונח_ידוע,רצח עם (4); ורצח עם (1); ברצח עם (1),,הרג המוני מכוון של אוכלוסייה
רצף,6,מילה,רצף (6),,
שהמדינה,6,מילה,שהמדינה (6),מדינה,
שוויון,6,מילה,שוויון (6),שוויון בנטל,
שירות,6,מילה,שירות (6),,
תחושת,6,מילה,תחושת (6),,
תיעוד,6,מילה,תיעוד (6),,
תעמולה,6,מונח_ידוע,תעמולה (6),,מאמץ מאורגן לעיצוב תודעה ודעת קהל ביחס למדיניות ופעולות ישראל
תעסוקה,6,מילה,תעסוקה (6),,
אובדן,5,מילה,אובדן (5),,
אופיו,5,מילה,אופיו (5),,
אישה,5,מילה,נשים (5),,
אלימות מתנחל,5,ביטוי,אלימות מתנחלים (5),מתנחל,
אף,5,מילה,אף (5),,
בבית,5,מילה,בבית (5),,
בהכרח,5,מילה,בהכרח (5),,
בהתאם,5,מילה,בהתאם (5),,
בלשון,5,מילה,בלשון (5),,
בלתי חוקיים,5,ביטוי,בלתי חוקיים (5),חוקיים; קיים,
במטרה,5,מילה,במטרה (5),מטרה,
במרכז,5,מילה,במרכז (5),מרכז,
בני ערובה,5,מונח_ידוע,בני ערובה (5),,אנשים המוחזקים בידי הצד השני במסגרת הסכסוך
בעומק,5,מילה,בעומק (5),,
בעוצמה,5,מילה,בעוצמה (5),,
ברשתות החברתיות,5,ביטוי,ברשתות החברתיות (5),החברתיות; ברשתות,
דה-פקטו,5,מילה,דה-פקטו (5),,
דעה,5,מילה,דעה (5),,
דעת,5,מילה,דעת (5),,
האנושות,5,מילה,האנושות (5),,
הדגש,5,מילה,הדגש (5),הדגשת,
הדגשת,5,מילה,הדגשת (5),הדגש,
הדרג,5,מילה,הדרג (5),,
הדרישה,5,מילה,הדרישה (5),,
ההפיכה המשטרית,5,מונח_ידוע,ההפיכה המשטרית (5),ההפיכה; משטר,תוכנית לשינויים רחבים במערכת המשפט וביחסי הרשויות בישראל
ההשלכות,5,מילה,ההשלכות (5),,
היסטוריה,5,מילה,היסטוריה (5),,
הכול,5,מילה,הכול (5),,
המוני,5,מילה,המוני (5),,
המורכבות,5,מילה,המורכבות (5),,
המידתיות,5,מילה,המידתיות (5),,
המנתחים,5,מילה,המנתחים (5),,
המצטטים,5,מילה,המצטטים (5),,
המציאות,5,מילה,המציאות (5),,
המרד הערבי הגדול,5,מונח_ידוע,המרד הערבי הגדול (5),,התקוממות הערבים בארץ ישראל נגד הבריטים והיישוב היהודי (1936–1939)
העלייה,5,מילה,העלייה (5),עלייה,
הערבים,5,מילה,הערבים (5),,
הצהרות,5,מילה,הצהרות (5),,
הקרב,5,מילה,הקרב (5),,
התוכנית,5,מילה,התוכנית (5),תוכנית,
ואתרי,5,מילה,ואתרי (5),,
וביתר שאת מ-2023,5,ביטוי,וביתר שאת מ-2023 (5),מ-2023; וביתר,
והפך,5,מילה,והפך (5),,
ומבקר,5,מילה,ומבקר (5),ומבקר מדינה,
ומבקר מדינה,5,ביטוי,ומבקר המדינה (5),ומבקר; מדינה,
ומחבר,5,מילה,ומחבר (5),מחבר,
ומסמכי מדיניות,5,ביטוי,ומסמכי מדיניות (5),מדיניות,
ומשרד,5,מילה,ומשרד (5),,
ועדות,5,מילה,ועדות (5),,
חדשים,5,מילה,חדשים (5),,
חוץ,5,מילה,חוץ (5),,
חילופי,5,מילה,חילופי (5),,
יזומה,5,מילה,יזומה (5),,
יישוב,5,מונח_ידוע,יישובים (4); היישובים (1),יישוב יהודי,היישובים היהודיים בגדה
יישוב יהודי,5,ביטוי,היישוב היהודי (3); ביישוב היהודי (2),יישוב,
יצירת תנאי,5,ביטוי,יצירת תנאי (5),יצירת; תנאי,
כפויה,5,מילה,כפויה (5),,
למחנה,5,מילה,למחנה (5),,
למרחב,5,מילה,למרחב (5),,
לרכך,5,מילה,לרכך (5),,
לשיא,5,מילה,לשיא (5),,
לשעבר,5,מילה,לשעבר (5),,
מאוקטובר,5,מילה,מאוקטובר (5),מאוקטובר 2023,
מאוקטובר 2023,5,ביטוי,מאוקטובר 2023 (5),מאוקטובר,
מאז סוף,5,ביטוי,מאז סוף (5),,
מאפריקה,5,מילה,מאפריקה (5),,
מבחין,5,מילה,מבחין (5),,
מבצעית,5,מילה,מבצעית (5),פעולה מבצעית; מבצעי; מבצע,
מגוון,5,מילה,מגוון (5),,
מהגרי,5,מילה,מהגרי (5),מהגרים,
מזוין,5,מילה,מזוין (5),,
מזרח,5,מילה,מזרח (5),מזרח ירושלים,
מזרח ירושלים,5,ביטוי,מזרח ירושלים (5),ירושלים; מזרח,
מחאת קפלן,5,ביטוי,מחאת קפלן (5),מחאת; קפלן,
ממשלות ישראל וגופים,5,ביטוי,ממשלות ישראל וגופים (5),ישראל וגופים; ממשלות ישראל; ישראל; ממשלות ישראל ודוברי; ממשלות ישראל ודוברי הצבא,
מסגרת,5,מילה,מסגרת (5),,
מסמך רשמיים,5,ביטוי,מסמכים רשמיים (3); במסמכים רשמיים (2),מסמך,
מערכת החינוך,5,ביטוי,מערכת החינוך (5),החינוך; חינוך,
מעשי,5,מילה,מעשי (5),,
מצביע,5,מילה,מצביע (5),,
מרד,5,מילה,מרד (5),,
משמעות,5,מילה,משמעות (5),,
נהרגו,5,מילה,נהרגו (5),נהרג,
נוכח,5,מילה,נוכח (5),הנוכחות; נוכחות,
נוספות,5,מילה,נוספות (5),,
ניכר,5,מילה,ניכר (5),,
סבבי הלחימה,5,ביטוי,סבבי הלחימה (5),הלחימה; לחימה; סבבי,
סיום,5,מילה,סיום (5),,
סיוע הומניטרי,5,מונח_ידוע,סיוע הומניטרי (5),סיוע,העברת אספקה אזרחית לשטח בשליטת ארגון אויב
סכסוך הישראלי-פלסטיני,5,ביטוי,הסכסוך הישראלי-פלסטיני (5),הישראלי-פלסטיני; ישראל; סכסוך,
עיקרון,5,מילה,עיקרון (5),,
ערביי ישראל,5,מונח_ידוע,ערביי ישראל (5),ישראל,האוכלוסייה הערבית־פלסטינית אזרחית ישראל
פחד,5,מילה,פחד (5),,
פלישה,5,מונח_ידוע,פלישה (4); בפלישה (1),,הפעלת כוחות צבא יבשתיים בשטח שאינו בשליטת ישראל
ציוד,5,מילה,ציוד (5),,
קורבנות,5,מילה,קורבנות (5),,
קיבל,5,מילה,קיבל (5),,
קיים,5,מילה,קיים (5),בלתי חוקיים; חוקיים,
קמפיינים ציבוריים,5,ביטוי,קמפיינים ציבוריים (5),קמפיינים; ציבור,
רצועת ביטחון,5,ביטוי,רצועת ביטחון (3); רצועת הביטחון (2),ביטחון,
שאלת,5,מילה,שאלת (5),,
שטח אויב,5,ביטוי,לשטח אויב (4); שטח אויב (1),אויב,
שטח הכבושים,5,מונח_ידוע,השטחים הכבושים (5),הכבושים; כבוש,המרחב שבין הקו הירוק לנהר הירדן
שיקום,5,מילה,שיקום (5),,
שלום,5,מילה,שלום (5),,
שפה,5,מילה,שפה (5),,
תהליך,5,מילה,תהליך (5),הליך,
תווית,5,מילה,תווית (5),,
תוכנית,5,מילה,תוכנית (5),התוכנית,
תוצאה,5,מילה,תוצאה (5),,
תושבים,5,מילה,תושבים (5),,
תנאי חיים,5,ביטוי,תנאי חיים (5),חיים; תנאי,
תפקיד,5,מילה,תפקיד (5),,
תשתיות,5,מילה,תשתיות (5),,
אזור חיץ,4,מונח_ידוע,אזור חיץ (4),,מרחב ביטחוני בצפון שנועד להרחיק איומים מהגבול עם ישראל
אנרכיסטים,4,מונח_ידוע,אנרכיסטים (4),,מחנה המחאה הליברלי נגד נתניהו והרפורמה המשפטית
ביביסטים,4,מונח_ידוע,ביביסטים (4),,מחנה הימין התומך בבנימין נתניהו
טיהור אתני,4,מונח_ידוע,טיהור אתני (4),אתני,הזזה כפויה של אוכלוסייה ממקום מגורים או שהייה בהקשר של סכסוך ופעולה מדינתית
טרנספר,4,מונח_ידוע,טרנספר (4),,הזזה כפויה של אוכלוסייה ממקום מגורים או שהייה בהקשר של סכסוך ופעולה מדינתית
ימנים,4,מונח_ידוע,ימנים (4),,מחנה הימין התומך בבנימין נתניהו
מאורעות תרצ״ו תרצ״ט,4,מונח_ידוע,מאורעות תרצ״ו—תרצ”ט (4),,התקוממות הערבים בארץ ישראל נגד הבריטים והיישוב היהודי (1936–1939)
מלחמה השחרור,4,מונח_ידוע,מלחמת השחרור (4),השחרור; מלחמה; שחרור,המלחמה על עתיד הארץ והקמת מדינת ישראל 1947–1949
נזק אגבי,4,מונח_ידוע,נזק אגבי (4),,פגיעה באזרחים במהלך תקיפות צבאיות
סיוע אויב,4,מונח_ידוע,סיוע לאויב (4),אויב; סיוע,העברת אספקה אזרחית לשטח בשליטת ארגון אויב
פגיעה בבלתי מעורבים,4,מונח_ידוע,פגיעה בבלתי מעורבים (3); הפגיעה בבלתי מעורבים (1),מעורבים; פגיעה,פגיעה באזרחים במהלך תקיפות צבאיות
פשיעה לאומנית,4,מונח_ידוע,פשיעה לאומנית (4),לאומנית; פשיעה,מעשי אלימות ועבירות של ישראלים ממניע לאומני נגד פלסטינים ביהודה ושומרון
קפלניסטים,4,מונח_ידוע,קפלניסטים (4),,מחנה המחאה הליברלי נגד נתניהו והרפורמה המשפטית
דיפ סטייט,3,מונח_ידוע,דיפ סטייט (3),,מערכת הכללים והמוסדות המשפטיים–מנהליים שמגבילים את כוח השלטון בישראל
הסלמה,3,מונח_ידוע,הסלמה (3),,פעולה צבאית/ביטחונית חדשה בעקבות אירוע קודם במסגרת הסכסוך
כליאה ללא משפט,3,מונח_ידוע,כליאה ללא משפט (2); בכליאה ללא משפט (1),כליאה,שלילת חירות ללא כתב אישום והליך פלילי מלא
כניסה קרקעית,3,מונח_ידוע,כניסה קרקעית (3),,הפעלת כוחות צבא יבשתיים בשטח שאינו בשליטת ישראל
מאורעות תרפ״ט,3,מונח_ידוע,מאורעות תרפ״ט (3),תרפ״ט,האלימות הערבית נגד היישוב היהודי בארץ ישראל באוגוסט 1929
מחסום,3,מונח_ידוע,מחסום (2); המחסום (1),,נקודת בקרה שמסדירה ומגבילה תנועה בין אזורים בשליטה שונה
נוטרל,3,מונח_ידוע,נוטרל (3),,מוות של בני אדם בסכסוך/אלימות/אסון
נרצח,3,מונח_ידוע,נרצח (2); הנרצח (1),נרצחו,מוות של בני אדם בסכסוך/אלימות/אסון
עיירות פיתוח,3,מונח_ידוע,עיירות פיתוח (3),,יישובים יהודיים בעשירונים נמוכים מחוץ למרכז ההיסטורי
פלסטיני אזרחי ישראל,3,מונח_ידוע,פלסטינים אזרחי ישראל (3),אזרחי ישראל; ישראל; אזרח,האוכלוסייה הערבית־פלסטינית אזרחית ישראל
פעולת טרור,3,מונח_ידוע,פעולת טרור (2); בפעולת טרור (1),פעולת; טרור,פעולה אלימה ממניע לאומי/פוליטי במסגרת הסכסוך הישראלי־פלסטיני
שטח כבוש,3,מונח_ידוע,בשטח כבוש (2); שטח כבוש (1),כבוש,מרחב ביטחוני בצפון שנועד להרחיק איומים מהגבול עם ישראל
בוגדים,2,מונח_ידוע,בוגדים (2),,מחנה המחאה הליברלי נגד נתניהו והרפורמה המשפטית
גבול אושוויץ,2,מונח_ידוע,גבולות אושוויץ (2),אושוויץ; גבול,הגבול בין ישראל לשכנותיה על פי הסכמי שביתת הנשק 1949
גדר ההפרדה,2,מונח_ידוע,גדר ההפרדה (2),ההפרדה,המכשול הפיזי בין ישראל לגדה
גזירת הגיוס,2,מונח_ידוע,גזירת הגיוס (2),גיוס,תביעה ציבורית ופוליטית לגייס גברים חרדים לשירות צבאי בדומה לשאר האוכלוסייה
הגירה מרצון,2,מונח_ידוע,הגירה מרצון (2),הגירה; מרצון,הזזה כפויה של אוכלוסייה ממקום מגורים או שהייה בהקשר של סכסוך ופעולה מדינתית
המגזר הערבי,2,מונח_ידוע,המגזר הערבי (2),,האוכלוסייה הערבית־פלסטינית אזרחית ישראל
טבח דיר יאסין,2,מונח_ידוע,טבח דיר יאסין (2),דיר יאסין; יאסין,ההתקפה והכיבוש של הכפר דיר יאסין באפריל 1948
כיבוש צבאי,2,מונח_ידוע,כיבוש צבאי (2),כיבוש,הפעלת כוחות צבא יבשתיים בשטח שאינו בשליטת ישראל
מלחמה התקומה,2,מונח_ידוע,מלחמת התקומה (2),מלחמה,המלחמה שנפתחה בעקבות מתקפת 7 באוקטובר 2023
מלחמה עזה 2023,2,מונח_ידוע,מלחמת עזה 2023 (2),מלחמה,המלחמה שנפתחה בעקבות מתקפת 7 באוקטובר 2023
מצור,2,מונח_ידוע,מצור (2),,מצב כלכלי-ביטחוני של הגבלת כניסת סחורות לרצועת עזה
מתקפת ה-7 באוקטובר,2,מונח_ידוע,מתקפת ה-7 באוקטובר (2),ה-7 באוקטובר; 7 באוקטובר; מתקפת,המתקפה והטבח בדרום ישראל ב־7 באוקטובר 2023
נספה,2,מונח_ידוע,נספה (2),,מוות של בני אדם בסכסוך/אלימות/אסון
נערי גבעות,2,מונח_ידוע,נערי גבעות (2),,צעירים יהודים רדיקלים המזוהים עם התיישבות קיצונית ואלימות לאומנית ביהודה ושומרון
נפל,2,מונח_ידוע,נפל (2),,מוות של בני אדם בסכסוך/אלימות/אסון
סגר,2,מונח_ידוע,סגר (2),,מצב כלכלי-ביטחוני של הגבלת כניסת סחורות לרצועת עזה
פשיטה,2,מונח_ידוע,הפשיטה (1); פשיטה (1),,פעולה צבאית נקודתית ומוגבלת בשטח אויב לשם משימה מוגדרת
קו העימות,2,מונח_ידוע,בקו העימות (1); קו העימות (1),העימות; עימות,מרחב ביטחוני בצפון שנועד להרחיק איומים מהגבול עם ישראל
אירוע ה-7 באוקטובר,1,מונח_ידוע,אירוע ה-7 באוקטובר (1),ה-7 באוקטובר; 7 באוקטובר; אירוע,המתקפה והטבח בדרום ישראל ב־7 באוקטובר 2023
אש לא מידתית,1,מונח_ידוע,אש לא מידתית (1),,פגיעה באזרחים במהלך תקיפות צבאיות
גדר הבטחון,1,מונח_ידוע,גדר הבטחון (1),,המכשול הפיזי בין ישראל לגדה
הפרעה לסדר הציבורי,1,מונח_ידוע,הפרעה לסדר הציבורי (1),הציבור; ציבור,יציאה המונית של אנשים למרחב הציבורי כדי למחות או להביע עמדה
חומת ההפרדה,1,מונח_ידוע,חומת ההפרדה (1),ההפרדה,המכשול הפיזי בין ישראל לגדה
חוק הגיוס,1,מונח_ידוע,חוק הגיוס (1),גיוס,תביעה ציבורית ופוליטית לגייס גברים חרדים לשירות צבאי בדומה לשאר האוכלוסייה
טבח ה-7 באוקטובר,1,מונח_ידוע,טבח ה-7 באוקטובר (1),ה-7 באוקטובר; 7 באוקטובר,המתקפה והטבח בדרום ישראל ב־7 באוקטובר 2023
טרור מתנחל,1,מונח_ידוע,טרור מתנחלים (1),מתנחל; טרור,מעשי אלימות ועבירות של ישראלים ממניע לאומני נגד פלסטינים ביהודה ושומרון
יודונאצים,1,מונח_ידוע,יודונאצים (1),,צעירים יהודים רדיקלים המזוהים עם התיישבות קיצונית ואלימות לאומנית ביהודה ושומרון
כיבוש דיר יאסין,1,מונח_ידוע,כיבוש דיר יאסין (1),דיר יאסין; יאסין; כיבוש,ההתקפה והכיבוש של הכפר דיר יאסין באפריל 1948
מחדל ה-7 באוקטובר,1,מונח_ידוע,מחדל ה-7 באוקטובר (1),ה-7 באוקטובר; 7 באוקטובר,המתקפה והטבח בדרום ישראל ב־7 באוקטובר 2023
מלחמה ה-7 באוקטובר,1,מונח_ידוע,מלחמת ה־7 באוקטובר (1),ה-7 באוקטובר; 7 באוקטובר; מלחמה,המלחמה שנפתחה בעקבות מתקפת 7 באוקטובר 2023
מתנחבלים,1,מונח_ידוע,מתנחבלים (1),,צעירים יהודים רדיקלים המזוהים עם התיישבות קיצונית ואלימות לאומנית ביהודה ושומרון
ערי פריפריה,1,מונח_ידוע,ערי פריפריה (1),,יישובים יהודיים בעשירונים נמוכים מחוץ למרכז ההיסטורי
פעולה מבצעית,1,מונח_ידוע,פעולה מבצעית (1),מבצעית; מבצעי; מבצע,פעולה צבאית נקודתית ומוגבלת בשטח אויב לשם משימה מוגדרת
פעולת התנגדות,1,מונח_ידוע,פעולת התנגדות (1),התנגדות; פעולת,פעולה אלימה ממניע לאומי/פוליטי במסגרת הסכסוך הישראלי־פלסטיני
פרעות תרפ״ט,1,מונח_ידוע,פרעות תרפ״ט (1),תרפ״ט,האלימות הערבית נגד היישוב היהודי בארץ ישראל באוגוסט 1929
פרשת דיר יאסין,1,מונח_ידוע,פרשת דיר יאסין (1),דיר יאסין; יאסין,ההתקפה והכיבוש של הכפר דיר יאסין באפריל 1948
קו שביתת נשק,1,מונח_ידוע,קו שביתת הנשק (1),שביתת נשק,הגבול בין ישראל לשכנותיה על פי הסכמי שביתת הנשק 1949
רצועת הבטחון,1,מונח_ידוע,רצועת הבטחון (1),,מרחב ביטחוני בצפון שנועד להרחיק איומים מהגבול עם ישראל
שוויון בנטל,1,מונח_ידוע,שוויון בנטל (1),שוויון,תביעה ציבורית ופוליטית לגייס גברים חרדים לשירות צבאי בדומה לשאר האוכלוסייה
שלטון הפקידים,1,מונח_ידוע,שלטון הפקידים (1),שלטון,מערכת הכללים והמוסדות המשפטיים–מנהליים שמגבילים את כוח השלטון בישראל
שלטון חוק,1,מונח_ידוע,שלטון החוק (1),שלטון,מערכת הכללים והמוסדות המשפטיים–מנהליים שמגבילים את כוח השלטון בישראל
תמרון קרקעי,1,מונח_ידוע,תמרון קרקעי (1),,הפעלת כוחות צבא יבשתיים בשטח שאינו בשליטת ישראל
