שם_מונח,ספירה,קבוצת_מושג,הגדרה_קצרה,וариантים
גדר הבטחון,1,המכשול הפיזי בין ישראל לגדה,מונח רשמי שבו משתמשות ממשלת ישראל וגופים ביטחוניים לתיאור המכשול בין ישראל לגדה כמערכת שנועדה להגן על אזרחי ישראל מפני טרור ולמנוע חדירת מחבלים.,גדר הבטחון (1)
גדר ההפרדה,2,המכשול הפיזי בין ישראל לגדה,המונח הנפוץ בעברית לתיאור המכשול שבנתה ישראל בין שטחה לבין הגדה המערבית ומציג אותו כמפריד בין אוכלוסיות ומרחבים ללא הדגשת ההיבט הביטחוני בשמו.,גדר ההפרדה (2)
חומת ההפרדה,1,המכשול הפיזי בין ישראל לגדה,"מונח ביקורתי המתאר את המכשול שבנתה ישראל בין שטחה לבין הגדה המערבית כחומה המפרידה בין ישראלים לפלסטינים, ומדגיש את אופיו כמכשול פיזי גבוה וכסמל להפרדה מרחבית, לאומית וכלכלית בין שתי האוכלוסיות.",חומת ההפרדה (1)
יהודה ושומרון,23,המרחב שבין הקו הירוק לנהר הירדן,יהודה ושומרון הוא הכינוי הרשמי במדינת ישראל לחבל הארץ אשר עבר משליטה ירדנית לשליטה ישראלית בעקבות מלחמת ששת הימים. הכינוי מבוסס על שמותיהם ההיסטוריים־מקראיים של חבלי הארץ יהודה ושומרון.,ביהודה ושומרון (15); יהודה ושומרון (8)
הגדה המערבית,21,המרחב שבין הקו הירוק לנהר הירדן,מונח המתאר את השטח שבין הקו הירוק לנהר הירדן ולים המלח. השטח נכבש בידי ישראל מידי ירדן במלחמת ששת הימים ומצוי מאז תחת שליטה ישראלית במעמד השנוי במחלוקת.,הגדה המערבית (14); בגדה המערבית (7)
השטחים הכבושים,5,המרחב שבין הקו הירוק לנהר הירדן,"המונח מתייחס על פי המשפט הבינלאומי לשטחים שנתפסו על ידי ישראל במלחמת ששת הימים בשנת 1967 ולא היו חלק מגבולותיה לפני כן. המונח מתאר שטחים אלו כטריטוריה הנתונה לכיבוש צבאי ישראלי ובהתאם לכך, מחייבת את מדינת ישראל לדיני הכיבוש במשפט ההומניטרי הבין־לאומי.",השטחים הכבושים (5)
השטחים,50,המרחב שבין הקו הירוק לנהר הירדן,"מונח בשיח הישראלי המתייחס לשטחי הגדה המערבית שנמצאים בשליטה ישראלית מאז 1967, בלי לציין במפורש אתם מעמדם המשפטי.",בשטח (23); שטח (16); השטחים (11)
התנחלויות,6,היישובים היהודיים בגדה,"יישובים יהודיים שהוקמו מעבר לקו הירוק, בשטחים שנמצאים בשליטה ישראלית אך אינם בתחום הריבונות המוכרת של מדינת ישראל, בעיקר בגדה המערבית מאז 1967.",התנחלויות (3); וההתנחלויות (1); והתנחלויות (1); בהתנחלויות (1)
יישובים,26,היישובים היהודיים בגדה,"מונח המתאר הקמת יישובים יהודיים ביהודה ושומרון ופיתוחם, תוך הדגשת הזיקה ההיסטורית והלאומית למרחב בעזרת הצגתם כחלק ממפעל ההתיישבות הציוני.",יישובים (14); היישוב (6); יישוב (3); ביישוב (2); ויישוב (1)
מאחזים,12,היישובים היהודיים בגדה,"יישובים ישראלים שהוקמו בגדה המערבית החל משנות ה־90, לרוב ביוזמה מקומית של דרג אזרחי ולא על פי החלטת ממשלה רשמית. מאחזים נבדלים מיישובים בכך שהם הוקמו ללא תהליכי תכנון ובנייה מוסדרים, וללא הגדרה רשמית של תחום שיפוט, מה שמציב אותם במעמד משפטי ומנהלי שנוי במחלוקת, הן לפי החוק הישראלי והן בעיני הקהילה הבינלאומית.",מאחזים (10); המאחזים (1); ומאחזים (1)
טרור מתנחלים,1,מעשי אלימות ועבירות של ישראלים ממניע לאומני נגד פלסטינים ביהודה ושומרון,"תיאור מעשי אלימות קשים של ישראלים־יהודים נגד פלסטינים כרצף של פעולות טרור – פוגרומים בכפרים, הצתות בתים ורכוש, תקיפות חמורות שנועדו להטיל פחד באוכלוסייה הפלסטינית.",טרור מתנחלים (1)
פשיעה לאומנית,4,מעשי אלימות ועבירות של ישראלים ממניע לאומני נגד פלסטינים ביהודה ושומרון,"עבירות אלימות, הצתה והשחתת רכוש שמבצעים ישראלים־יהודים נגד פלסטינים ורכושם ממניע לאומני או אידיאולוגי, בעיקר ביהודה ושומרון.",פשיעה לאומנית (4)
פיגוע,9,פעולה אלימה ממניע לאומי/פוליטי במסגרת הסכסוך הישראלי־פלסטיני,"מונח מרכזי בשיח הציבורי, המשפטי והביטחוני בישראל, המתאר פעולה אלימה ממניע לאומני, אידאולוגי או פוליטי, המכוונת נגד אזרחים או כוחות ביטחון ישראליים. הפיגוע נתפס כמעשה טרור שנועד לזרוע פחד, לפגוע בתחושת הביטחון ולהשיג מטרות פוליטיות או לאומיות.",פיגוע (6); בפיגוע (2); הפיגוע (1)
פעולת טרור,3,פעולה אלימה ממניע לאומי/פוליטי במסגרת הסכסוך הישראלי־פלסטיני,"מונח משפטי ופורמלי המגדיר מעשה אלימות, או איום חמור באלימות, המבוצע על ידי ארגון או פרט ממניע פוליטי, לאומני, דתי או אידאולוגי. מטרתה המרכזית של הפעולה היא לזרוע פחד בקרב הציבור, או לחייב ממשלה או ארגון בינלאומי לבצע מעשה או להימנע ממנו דרך פגיעה מכוונת באזרחים או באתרי תשתית.",פעולת טרור (2); בפעולת טרור (1)
פעולת התנגדות,1,פעולה אלימה ממניע לאומי/פוליטי במסגרת הסכסוך הישראלי־פלסטיני,"מונח מרכזי בשיח הפוליטי והציבורי הפלסטיני, המתאר מגוון רחב של פעולות מאבק נגד מדינת ישראל והשלטון הישראלי. המושג נשען על התפיסה של ההתנגדות לכיבוש ולדיכוי כזכות מוכרת במשפט הבינלאומי. הפעולות נחלקות להתנגדות חמושה הכוללת פיגועים וירי המוגדרים בעולם כטרור ולהתנגדות ""עממית"" הכוללת הפגנות, שביתות ויידוי אבנים.",פעולת התנגדות (1)
הסלמה,3,פעולה צבאית/ביטחונית חדשה בעקבות אירוע קודם במסגרת הסכסוך,"שינוי במצב שבו רצף פעולות ותגובות מעלה את רמת האלימות, התדירות או העוצמה של עימותים צבאיים וביטחוניים – עד כדי ""סבב"" ירי או מלחמה – ביחס למצב הקודם.",הסלמה (3)
תגובה,15,פעולה צבאית/ביטחונית חדשה בעקבות אירוע קודם במסגרת הסכסוך,כינוי לפעולה צבאית או ביטחונית המוצגת כצעד שנעשה בעקבות אירוע קודם ומוצדקת כנחוצה כדי ליצור הרתעה.,תגובה (8); כתגובה (4); והתגובה (1); התגובה (1); בתגובה (1)
ערביי ישראל,5,האוכלוסייה הערבית־פלסטינית אזרחית ישראל,"כינוי לאזרחים הערבים של מדינת ישראל, המדגיש את האזרחות הישראלית שלהם ואת זהותם כערבים, בלי להזכיר במפורש את הממד הפלסטיני.",ערביי ישראל (5)
פלסטינים אזרחי ישראל,3,האוכלוסייה הערבית־פלסטינית אזרחית ישראל,"כינוי לאזרחים הערבים של מדינת ישראל המדגיש את זהותם כפלסטינים ואת השתייכותם הלאומית לעם הפלסטיני, לצד אזרחותם במדינת ישראל.",פלסטינים אזרחי ישראל (3)
המגזר הערבי,2,האוכלוסייה הערבית־פלסטינית אזרחית ישראל,"כינוי לתושבים ערבים בישראל המתייחס אליהם כאל “מגזר” מובחן בתוך האוכלוסייה הכללית – בדומה ל“מגזר החרדי” או “המגזר העסקי” – ומשמש בעיקר בשיח ממשלתי, כלכלי וסטטיסטי.",המגזר הערבי (2)
הרפורמה המשפטית,14,תוכנית לשינויים רחבים במערכת המשפט וביחסי הרשויות בישראל,"כינוי יוזמת הקואליציה לשינויים במערכת המשפט וביחסי הרשויות בישראל, המציג אותה כתהליך של תיקון, עדכון ושיפור של המערכת.",והרפורמה המשפטית (7); הרפורמה המשפטית (7)
ההפיכה המשטרית,5,תוכנית לשינויים רחבים במערכת המשפט וביחסי הרשויות בישראל,"כינוי ביקורתי לתוכנית השינויים במערכת המשפט בישראל, הממסגר אותה כמהלך הפיכה משטרית – שינוי יסודי של שיטת המשטר ושל יחסי הכוחות בין הרשויות, המחליש את הדמוקרטיה ואת ההגנות על זכויות האזרח.",ההפיכה המשטרית (5)
שלטון החוק,1,מערכת הכללים והמוסדות המשפטיים–מנהליים שמגבילים את כוח השלטון בישראל,"עיקרון יסוד דמוקרטי הקובע כי החוק הוא עליון וכולם כפופים לו במידה שווה – אזרחים, נבחרי ציבור ומוסדות השלטון כאחד. לפי עיקרון זה, החוק נחקק בהליך דמוקרטי, והוא משמש מנגנון מרכזי להגבלת כוחו של השלטון, למניעת עריצות ולהגנה על זכויות הפרט.",שלטון החוק (1)
שלטון הפקידים,1,מערכת הכללים והמוסדות המשפטיים–מנהליים שמגבילים את כוח השלטון בישראל,"כינוי ביקורתי למצב שבו מערכת המשפט, היועצים המשפטיים ופקידות המדינה נתפסים כמי שמחזיקים בפועל בכוח ההכרעה על מדיניות, על חשבון נבחרי הציבור, ומנהלים את המדינה במקום לאכוף את החלטות הממשלה והכנסת.",שלטון הפקידים (1)
דיפ סטייט,3,מערכת הכללים והמוסדות המשפטיים–מנהליים שמגבילים את כוח השלטון בישראל,"""דיפ סטייט"" הוא כינוי קונספירטיבי־פוליטי למערכת המשפט, הדרג המקצועי, הפקידות הבכירה, הצבא, גופי הביטחון, התקשורת ומוסדות נוספים, כשהם מוצגים כרשת סמויה של כוח שמנהלת את המדינה ""מאחורי הקלעים"" ומונעת מהשלטון הנבחר והציבור לממש את רצונם. במונח הזה, המערכת שמגבילה את כוח השלטון מוצגת לא כמנגנון דמוקרטי של איזונים ובלמים, אלא כאליטה נסתרת המגוננת על עצמה ועל מעמדה.",דיפ סטייט (3)
רצועת הבטחון,1,מרחב ביטחוני בצפון שנועד להרחיק איומים מהגבול עם ישראל,"מונח המתאר חבל ארץ בדרום לבנון, הגובל בצפון מדינת ישראל שבו פועל צה""ל באופן קבוע ומקים מוצבים כדי להרחיק איומים מיישובי הצפון.",רצועת הבטחון (1)
אזור חיץ,6,מרחב ביטחוני בצפון שנועד להרחיק איומים מהגבול עם ישראל,"שטח יבשתי, ימי או אווירי המפריד בין שתי ישויות פוליטיות, מדינות או כוחות צבאיים, במטרה לצמצם חיכוך ישיר, להפחית איומים וליצור מרחב ביטחוני בין הצדדים. אזור החיץ עשוי להיות מפורז, מפוקח או נתון לשליטה צבאית, בהתאם לנסיבות ולהסדרים החלים עליו.",אזור חיץ (6)
קו העימות,2,מרחב ביטחוני בצפון שנועד להרחיק איומים מהגבול עם ישראל,"כינוי לאזור בצפון ישראל, סמוך לגבול לבנון, הנתפס כחשוף במיוחד לתקריות ביטחוניות ולאיומים מצד חזבאללה. מונח משמש לתיאור המרחב האזרחי הנמצא בקו הראשון של העימות בצפון.",בקו העימות (1); קו העימות (1)
שטח כבוש,4,מרחב ביטחוני בצפון שנועד להרחיק איומים מהגבול עם ישראל,"כינוי לשטח הנמצא מחוץ לגבולותיה הריבוניים של מדינה, הנתון לשליטתו בפועל של צבא זר בעקבות עימות מזוין. במשפט הבין־לאומי, שליטה צבאית אפקטיבית בשטח שאינו חלק מריבונותה של המדינה השולטת בו מוגדרת ככיבוש.",בשטח כבוש (2); שטח כבוש (2)
כניסה קרקעית,4,הפעלת כוחות צבא יבשתיים בשטח שאינו בשליטת ישראל,כינוי צבאי־ישראלי למהלך בו כוחות רגליים ומשוריינים חוצים גבול ונכנסים פיזית לשטח אויב.,כניסה קרקעית (3); הכניסה קרקעית (1)
פלישה,5,הפעלת כוחות צבא יבשתיים בשטח שאינו בשליטת ישראל,"מונח המתאר כניסה של כוחות צבאיים לשטחה של מדינה או ישות אחרת ללא הסכמתה, פעולה המהווה הפרה ישירה של הריבונות המקומית ועלולה לפגוע בסדר הבינלאומי.",פלישה (4); בפלישה (1)
תמרון קרקעי,1,הפעלת כוחות צבא יבשתיים בשטח שאינו בשליטת ישראל,"מונח צבאי המתאר תנועה של כוחות יבשה משולבים במרחב הלחימה כדי להשיג עמדת יתרון על האויב. בניגוד למונחים פוליטיים או תיאוריים כמו ""כניסה"" או ""פלישה"", זהו מושג המתמקד באופי הלחימה ובהפעלת הכוח.",תמרון קרקעי (1)
כיבוש צבאי,2,הפעלת כוחות צבא יבשתיים בשטח שאינו בשליטת ישראל,"מונח המתאר מצב שבו צבא זר חודר לשטח שאינו תחת ריבונותו המוכרת, משתלט ונוטל עליו שליטה אפקטיבית– ביטחונית, מנהלית ואזרחית – ללא הסכמת האוכלוסייה המקומית. המונח אינו מתאר נוכחות זמנית, אלא מצב מתמשך שבו הכוח הכובש מחליף את הריבון הקודם והופך לסמכות העליונה בשטח.",כיבוש צבאי (2)
פעולה מבצעית,1,פעולה צבאית נקודתית ומוגבלת בשטח אויב לשם משימה מוגדרת,"כינוי צבאי רשמי לפעולה התקפית או הגנתית של כוחות צה""ל, בגבול או מעבר לו, המבוצעת לשם משימה מוגדרת – כמו מעצר, סיכול, סיור או אבטחה – כחלק משגרת הלחימה או הביטחון השוטף.",פעולה מבצעית (1)
פשיטה,2,פעולה צבאית נקודתית ומוגבלת בשטח אויב לשם משימה מוגדרת,"צורת לחימה התקפית המשלבת חדירה לשטח אויב, ביצוע משימה מוגדרת ונסיגה. הפשיטה מתבצעת בדרך כלל בידי כוח קטן יחסית, אך עשויה לכלול גם כוחות גדולים יותר. מטרותיה כוללות איסוף מודיעין, הריסת מתקנים, פגיעה בכוחות או בתשתיות אויב, שביית חיילים, חילוץ שבויים או שיבוש פעילותו של האויב, ולעיתים גם חדירה חשאית לצורך ביצוע מארב ולאחריה נסיגה",הפשיטה (1); פשיטה (1)
פינוי,29,הזזה כפויה של אוכלוסייה ממקום מגורים או שהייה בהקשר של סכסוך ופעולה מדינתית,"העברה מאורגנת של תושבים ממקום מגוריהם או שהייתם – למשל מאזור סכנה, מאזור לחימה או מיישוב שהוחלט לפנות – ביוזמת המדינה או הרשויות, המוצגת כמהלך שנועד להגן על האוכלוסייה או לאפשר ניהול טוב יותר של המצב, ולעיתים כוללת גם עקירה קבועה והתיישבות במקום אחר.",פינוי (20); הפינוי (4); בפינוי (4); ופינוי (1)
גירוש,18,הזזה כפויה של אוכלוסייה ממקום מגורים או שהייה בהקשר של סכסוך ופעולה מדינתית,"הוצאה כפויה של אנשים מביתם, מאדמתם או מארצם, בניגוד לרצונם, לעיתים לצמיתות, באופן הנתפס כהפרה חמורה של זכויות אדם.",גירוש (13); וגירוש (4); הגירוש (1)
עקירה,16,הזזה כפויה של אוכלוסייה ממקום מגורים או שהייה בהקשר של סכסוך ופעולה מדינתית,"הוצאה או העברה בכפייה של אנשים ממקום מגוריהם בשל מלחמה, כיבוש, אלימות או החלטת שלטון. לפי המשפט הבין־לאומי, עקירה של אוכלוסייה משטח כבוש אסורה ככלל, למעט במקרים חריגים של צורכי ביטחון האוכלוסייה או הכרח צבאי, ובכפוף להחזרתה עם תום הנסיבות שבעקבותיהן פונו.",עקירה (11); העקירה (4); ועקירה (1)
התנתקות,7,הזזה כפויה של אוכלוסייה ממקום מגורים או שהייה בהקשר של סכסוך ופעולה מדינתית,"התנתקות היא שם למהלך מדיני חד־צדדי וספציפי, שבמסגרתו פינתה מדינת ישראל את תושבי גוש קטיף משטח רצועת עזה. השם שניתן למהלך זה מודגשת ההחלטה הריבונית להיפרד טריטוריאלית, ביטחונית או פוליטית מאזור מסוים ולא פעולת הפינוי עצמה.",התנתקות (5); וההתנתקות (1); בהתנתקות (1)
טרנספר,4,הזזה כפויה של אוכלוסייה ממקום מגורים או שהייה בהקשר של סכסוך ופעולה מדינתית,"טרנספר הוא העברה של אוכלוסייה מקבוצה מוגדרת, כגון קבוצה לאומית, אתנית או דתית, ממקום למקום כחלק מתוכנית מדינית, ביטחונית או אידיאולוגית.",טרנספר (4)
הגירה מרצון,2,הזזה כפויה של אוכלוסייה ממקום מגורים או שהייה בהקשר של סכסוך ופעולה מדינתית,"מדיניות או הצעה מדינית להזזה או עקירה של אוכלוסייה, המוצגת כלפי חוץ כמהלך וולונטרי של בחירה והתיישבות מחדש, אף שבפועל מדובר בתוכנית פעולה שנכפית על האוכלוסייה באמצעות לחץ, איומים, האלימות או יצירת תנאי חיים בלתי־אפשריים. במונח זה, מודגשת השימושיות הרטורית של הביטוי ""מרצון"" כדי להסוות מהלך של כפייה מדינתית במסגרת סכסוך.",הגירה מרצון (2)
טיהור אתני,4,הזזה כפויה של אוכלוסייה ממקום מגורים או שהייה בהקשר של סכסוך ופעולה מדינתית,"שם למדיניות מכוונת ושיטתית של גירוש ועקירה של אוכלוסייה מסוימת – על רקע לאומי, אתני, גזעי או דתי – מחבל ארץ מוגדר. המהלך מבוצע באמצעות גירוש ישיר, אלימות, מעשי טבח, הטלת אימה או יצירת תנאי מחיה בלתי נסבלים, ומטרתו המרכזית היא לשנות באופן קבוע את ההרכב הדמוגרפי של המרחב.",טיהור אתני (4)
מחסום,3,נקודת בקרה שמסדירה ומגבילה תנועה בין אזורים בשליטה שונה,"נקודת בקרה צבאית או משטרתית שממוקמת על כביש או ציר תנועה, שבה נעצרים אנשים ורכבים לבדיקה, רישום או סינון, ולעיתים נחסמת דרכם לחלוטין.",מחסום (2); המחסום (1)
מעבר,11,נקודת בקרה שמסדירה ומגבילה תנועה בין אזורים בשליטה שונה,"המונח הרשמי לנקודת בקרה צבאית או משטרתית שממוקמת על כביש או ציר תנועה, שבה נעצרים אנשים ורכבים לבדיקה ורישום. בנקודה זו פועלים כוחות הבטחון למנוע הברחות אמצעי לחימה וסחורות ולסכל פעולות טרור. פלסטינים המבקשים להיכנס לישראל נדרשים להמציא היתר במעבר.",מעבר (8); במעבר (2); המעבר (1)
מבצע,8,עימות צבאי מתמשך נגד יריב סביב מטרה אסטרטגית אחת או יותר,"פעולה צבאית מתוכננת, מוגבלת בזמן ובהיקף, שנועדה להשיג מטרות או יעדים מוגדרים – כמו החלשת ארגון, השמדת תשתיות או החזרת הרתעה – מבלי להציג את המהלך כמלחמה כוללת.",מבצע (6); המבצע (1); במבצע (1)
מלחמה,90,עימות צבאי מתמשך נגד יריב סביב מטרה אסטרטגית אחת או יותר,"מאבק מזוין בעצימות גבוהה המתנהל לאורך זמן וכרוך בגיוס נרחב של משאבים. המלחמה חורגת משדות הקרב המיידיים ונושאת איתה השפעות עמוקות על המצב החברתי, הכלכלי והפוליטי של הצדדים המעורבים.",מלחמה (45); המלחמה (36); במלחמה (8); והמלחמה (1)
טבח ה־7 באוקטובר,1,המתקפה והטבח בדרום ישראל ב־7 באוקטובר 2023,"כינוי למתקפת הפתע של חמאס וארגונים נוספים מרצועת עזה על יישובים ובסיסים בדרום ישראל ב־7 באוקטובר 2023, המדגיש את רצח ההמונים, ההתעללות והחטיפות שבוצעו באזרחים ובחיילים.",טבח ה־7 באוקטובר (1)
מתקפת ה־7 באוקטובר,2,המתקפה והטבח בדרום ישראל ב־7 באוקטובר 2023,"כינוי למתקפת הפתע רחבת ההיקף של חמאס וארגונים נוספים מרצועת עזה על ישראל ב־7 באוקטובר 2023 – שכללה ירי רקטות מסיבי, פריצת הגדר, חדירת אלפי מחבלים וכיבוש יישובים ומוצבים.",מתקפת ה־7 באוקטובר (2)
אירוע ה־7 באוקטובר,1,המתקפה והטבח בדרום ישראל ב־7 באוקטובר 2023,"כינוי כללי לקבוצת ההתרחשויות ב־7 באוקטובר 2023 – מתקפת הפתע של חמאס וארגונים פלסטיניים נוספים מרצועת עזה על דרום ישראל, חדירת אלפי מחבלים ליישובי עוטף עזה ובסיסי צה""ל, הוצאות להורג, חטיפות המוניות, קרבות, קריסת קו ההגנה ותחילת מלחמת חרבות ברזל – אך ללא שימוש ישיר במילים כמו ""טבח"", ""פיגוע המוני"" או ""פשעי מלחמה"".",אירוע ה־7 באוקטובר (1)
מחדל ה־7 באוקטובר,1,המתקפה והטבח בדרום ישראל ב־7 באוקטובר 2023,"מונח המתייחס לכשלי המודיעין, ההיערכות והתגובה של מדינת ישראל וצה""ל סביב מתקפת חמאס ב־7 באוקטובר 2023, שאפשרו את המתקפה ואת היקף האסון  שנגרם בעקבותיה.",מחדל ה־7 באוקטובר (1)
הסברה,22,מאמץ מאורגן לעיצוב תודעה ודעת קהל ביחס למדיניות ופעולות ישראל,"הסברה ישראלית הינה שם כולל לפעולות שננקטות ברחבי העולם לשם הסברת מדיניותה של מדינת ישראל והצדקת פעולותיה. לצד הגופים הרשמיים, פעולות הסברה רבות נעשות ע״י ארגונים א־ממשלתיים, גופים התנדבותיים, ארגונים יהודים וקהילות יהודיות בתפוצות, שחשים שהפעילות הממלכתית של מדינת ישראל וגופיה לא מספקת",הסברה (12); ההסברה (6); בהסברה (3); והסברה (1)
תעמולה,6,מאמץ מאורגן לעיצוב תודעה ודעת קהל ביחס למדיניות ופעולות ישראל,"הפצה מכוונת ושיטתית של מידע, רעיונות, טיעונים או שמועות, שמטרתה לעצב את דעת הקהל, להשפיע על עמדותיו ולהניעו לפעולה בהתאם לאינטרסים של גוף פוליטי, אידיאולוגי או מסחרי.",תעמולה (6)
מלחמת ה־7 באוקטובר,1,המלחמה שנפתחה בעקבות מתקפת 7 באוקטובר 2023,כינוי למלחמה שהחלה ב־7 באוקטובר 2023. הכינוי מצמיד את המלחמה כולה לתאריך פתיחת המתקפה הנרחבת על יישובי הדרום ויישובי עוטף עזה.,מלחמת ה־7 באוקטובר (1)
מלחמת עזה 2023,3,המלחמה שנפתחה בעקבות מתקפת 7 באוקטובר 2023,"""מלחמת עזה 2023"" הוא שם למלחמה שפרצה בעקבות אירועי 7 באוקטובר 2023 ומתאר את תקופת הלחימה הנרחבת שבה ישראל פעלה צבאית מול החמאס וארגוני טרור נוספים, בעיקר ברצועת עזה, אך גם בזירות נוספות. המונח ממקם את מוקד המלחמה בשנה שבה פרצה ובגזרה הגאוגרפית של רצועת עזה.",מלחמת עזה 2023 (3)
חרבות ברזל,22,המלחמה שנפתחה בעקבות מתקפת 7 באוקטובר 2023,"שם זמני שניתן למלחמה שנפתחה ב־7 באוקטובר 2023. השם אומץ בתחילה על ידי צה""ל והדרג המדיני לציון המערכה הצבאית, ובהמשך המשיך לשמש בשיח הציבורי והתקשורתי לתיאור המלחמה.",חרבות ברזל (20); וחרבות ברזל (1); בחרבות ברזל (1)
מלחמת התקומה,2,המלחמה שנפתחה בעקבות מתקפת 7 באוקטובר 2023,שמה הרשמי של המלחמה שנפתחה ב־7 באוקטובר 2023 בעקבות המתקפה על יישובי הדרום ומערב הנגב. השינוי לשם זה נעשה שנתיים אחרי תחילתה של המלחמה באותה העת בה התנהלה המלחמה בשבע חזיתות.,מלחמת התקומה (2)
מפונים,8,אנשים שנאלצו לעזוב את מקום מגוריהם בישראל בשל סכסוך או החלטת מדינה,"כינוי לתושבים שהמדינה הנחתה או המליצה להם לעזוב את יישוביהם או בתיהם – זמנית או לצמיתות – בשל סכנה ביטחונית, החלטת מדיניות (כמו התנתקות) או מצב חירום אחר, והם זכאים למעמד ולהטבות מיוחדות כ""מפונים"".",מפונים (6); המפונים (2)
עקורים,10,אנשים שנאלצו לעזוב את מקום מגוריהם בישראל בשל סכסוך או החלטת מדינה,"כינוי לאנשים שנעקרו מביתם ומקהילתם בתוך מדינתם – לעיתים לתקופה ממושכת – בעקבות מלחמה, איום ביטחוני או החלטת מדינה, ונמצאים במעמד של ""פליטים בארצם"" (עקורים פנימיים).",עקורים (10)
מאורעות תרפ״ט,3,האלימות הערבית נגד היישוב היהודי בארץ ישראל באוגוסט 1929,"כינוי לגל האלימות שפרץ באוגוסט 1929 בארץ ישראל, שבו נרצחו 133 יהודים ומאות נפצעו בסדרת מתקפות ביישובים ובקהילות כמו חברון, צפת וירושלים. אף שהאירועים כללו מעשי טבח ופוגרומים שהובילו לחורבן קהילות שלמות, הם קובעו בזיכרון הקולקטיבי ובישראל תחת המונח המעודן והכללי ""מאורעות תרפ""ט"".",מאורעות תרפ״ט (3)
פרעות תרפ״ט,1,האלימות הערבית נגד היישוב היהודי בארץ ישראל באוגוסט 1929,"כינוי המתאר את אירועי אוגוסט 1929 כגל פרעות אלימות ושטואלית של ערבים נגד יהודים ברחבי הארץ – ובמיוחד את הטבח בחברון, בצפת ובירושלים – שבו נרצחו יהודים רבים, קהילות הושמדו ויישובים ננטשו.",פרעות תרפ״ט (1)
הרתעה,13,מדיניות אמצעים נגד אוכלוסייה או קבוצה לשם מניעה או תגובה,"אסטרטגיה שמטרתה איום אמין שמטרתו להפסיק יריב, ארגון או אוכלוסייה מלבצע פעולה מסוימת. ההרתעה נשענת על זריעת פחד, ומבוססת על ההבנה של הצד השני כי התגובה הצפויה לפעולתו תסב לו נזק כבד.",הרתעה (10); ההרתעה (2); בהרתעה (1)
ענישה,14,מדיניות אמצעים נגד אוכלוסייה או קבוצה לשם מניעה או תגובה,"הטלת סנקציות משפטיות, מנהליות, כלכליות או פיזיות על אדם או קבוצה בעקבות ביצוע עבירה, מעשה אלים או הפרת כללים, מתוך ההנחה כי הם ראויים לשאת בתוצאות מעשיהם.",ענישה (13); וענישה (1)
מלחמת העצמאות,12,המלחמה על עתיד הארץ והקמת מדינת ישראל 1947–1949,"שם עברי למלחמה שהתחוללה בין 1947 ל־1949 סביב החלטת החלוקה והקמת מדינת ישראל, המדגיש את השגת העצמאות המדינית של היישוב היהודי והפיכתו למדינה ריבונית, תוך הדגשה של מאבק קיום נגד התנגדות ערבית פנימית ופלישת צבאות ערב.",מלחמת העצמאות (12)
מלחמת השחרור,4,המלחמה על עתיד הארץ והקמת מדינת ישראל 1947–1949,"כינוי למלחמת 1947–1949 המדגיש את שחרור העם היהודי מעול הגלוּת והשעבוד הלאומי, ואת השחרור הצבאי־טריטוריאלי של הארץ משליטה זרה ואיומי אויב – לא רק כמאבק על עצמאות מדינית, אלא כגאולה לאומית־רוחנית.",מלחמת השחרור (4)
הנכבה,9,המלחמה על עתיד הארץ והקמת מדינת ישראל 1947–1949,"כינוי פלסטיני למהלך ההיסטורי של 1947–1949, המציג אותו כ""אסון"" (נכבה) לאומי־קולקטיבי של העם הפלסטיני, הנתפס כמתמשך עד היום. המונח מדגיש את העזיבה, המנוסה או הגירוש של מאות אלפי פלסטינים מבתיהם, את הריסת רוב הכפרים הפלסטיניים, את אובדן האדמות והנכסים ואת הפיכתם של רבים לפליטים.",הנכבה (9)
פרשת דיר יאסין,1,ההתקפה והכיבוש של הכפר דיר יאסין באפריל 1948,"שם מקובל בעברית לאירוע שבו לוחמי האצ״ל והלח״י תקפו וכבשו את הכפר הערבי דיר יאסין ב־9 באפריל 1948 במסגרת המערכה על ירושלים, שבמהלכו נהרגו עשרות רבות מתושבי הכפר, חלקו הוחרב, והאירוע הפך לסמל שנוי במחלוקת – בין ""קרב"" לבין ""טבח"".",פרשת דיר יאסין (1)
כיבוש דיר יאסין,1,ההתקפה והכיבוש של הכפר דיר יאסין באפריל 1948,"כינוי המתאר את האירוע בדיר יאסין כפעולת לחימה וכיבוש של כפר ערבי על ידי לוחמי האצ״ל והלח״י ב־9 באפריל 1948, במטרה להסיר איום על השכונות המערביות של ירושלים, לפתוח את הדרך לעיר ולחזק את אחיזת הכוחות היהודיים בסביבה.",כיבוש דיר יאסין (1)
טבח דיר יאסין,2,ההתקפה והכיבוש של הכפר דיר יאסין באפריל 1948,"כינוי לאירועים בדיר יאסין המציג אותם כטבח מכוון באזרחים שבוצע על ידי לוחמי האצ״ל והלח״י במהלך ההתקפה על הכפר, כחלק ממדיניות של הפחדה וגירוש האוכלוסייה הפלסטינית.",טבח דיר יאסין (2)
חטופים,20,אנשים המוחזקים בידי הצד השני במסגרת הסכסוך,"חטופים הם אנשים שנלקחו בכוח ובניגוד לרצונם ומוחזקים בשליטת אחרים, תוך שלילת חירותם, לעיתים לצורך הפעלת לחץ, השגת דרישות או קלף מיקוח. בישראל המונח משמש לתיאור אזרחים וחיילים כאחד.",חטופים (9); החטופים (8); וחטופים (3)
שבויים,16,אנשים המוחזקים בידי הצד השני במסגרת הסכסוך,"שבויים הם אנשים שנפלו לידי האויב במהלך סכסוך מזוין ומוחזקים על ידו. ברוב המקרים מדובר בחיילים, אך לעיתים גם אזרחים עשויים להיחשב שבויים או להיות מתוארים כך בשיח הציבורי, בהתאם לנסיבות ולהגדרות המשפטיות הרלוונטיות.",שבויים (16)
בני ערובה,5,אנשים המוחזקים בידי הצד השני במסגרת הסכסוך,"כינוי לאנשים המוחזקים בידי גורם אחר כדי להפעיל לחץ על צד שלישי, לכפות עליו פעולה מסוימת או למנוע ממנו פעולה. החזקתם אינה נועדה רק לשלול את חירותם, אלא לשמש אמצעי מיקוח, כפייה או הרתעה באמצעות איום על גורלם.",בני ערובה (5)
אסירים,9,אנשים המוחזקים בידי הצד השני במסגרת הסכסוך,,אסירים (7); האסירים (1); ואסירים (1)
פליטים,10,"אנשים שנכנסו לישראל ללא מעמד קבוע, בשל סכסוך, רדיפה או מצוקה","כינוי לאנשים שנאלצו לעזוב את ארצם או ביתם מפני מלחמה, רדיפה, סכנה חמורה או פגיעה קשה בזכויותיהם – ואינם יכולים לשוב בבטחה",פליטים (10)
מסתננים,8,"אנשים שנכנסו לישראל ללא מעמד קבוע, בשל סכסוך, רדיפה או מצוקה","כינוי משפטי לאדם שנכנס לישראל שלא כחוק, ללא אישור או שלא דרך מעבר גבול רשמי. המונח שימש תחילה בעיקר לתיאור פלסטינים שחצו את גבולות המדינה לאחר מלחמת 1948, ובהמשך הורחב בשיח הפוליטי והתקשורתי גם למבקשי מקלט ולמהגרים מאפריקה, תוך הדגשת המעשה כפגיעה בריבונות ולעיתים גם כאיום ביטחוני, פלילי או חברתי.",מסתננים (7); המסתננים (1)
מבקשי מקלט,11,"אנשים שנכנסו לישראל ללא מעמד קבוע, בשל סכסוך, רדיפה או מצוקה","אנשים שחצו גבול והגיעו למדינה ללא מעמד תושבות או אזרחות, תוך שהם מבקשים הגנה בטענה כי נאלצו לעזוב את ארצם או מקום מגוריהם בשל רדיפה, סכנת חיים, אלימות, סכסוך מזוין או חשש מבוסס לפגיעה על רקע פוליטי, אתני, דתי, מגדרי או אחר. מבקשי מקלט מגישים בקשה להכרה כפליטים או לקבלת מעמד הומניטרי, ובשלב זה של ההליך אינם מחזיקים בהכרה רשמית כפליטים או במעמד קבוע אחר במדינה הקולטת.",מבקשי מקלט (8); ומבקשי מקלט (3)
נהרג,7,מוות של בני אדם בסכסוך/אלימות/אסון,"תיאור למוות שנגרם מפגיעה חיצונית, כגון תאונה, לחימה, פיגוע או אסון, בלי לייחס בהכרח כוונה תחילה או להגדיר את המת כ""חלל"" או ""קורבן רצח"".",נהרג (7)
נרצח,3,מוות של בני אדם בסכסוך/אלימות/אסון,"תיאור של מוות כתוצאה מהרג מכוון בידי אדם אחר, מתוך כוונה תחילה או במסגרת פיגוע או תקרית פלילית. השימוש בו מכיר במעמדו של הנרצח כקורבן ומייחס למבצע הרצח אחריות פלילית ומוסרית למעשה.",נרצח (2); הנרצח (1)
נפל,2,מוות של בני אדם בסכסוך/אלימות/אסון,"ביטוי רשמי לתיאור מותו של חייל או לוחם במהלך שירותו הצבאי, לרוב בקרב או בפעילות מבצעית.",נפל (2)
נספה,2,מוות של בני אדם בסכסוך/אלימות/אסון,"תיאור של מוות כאובדן, לרוב בהקשר של אסון, מלחמה או תאונה. המונח מדגיש את אופיו הטרגי והבלתי צפוי של המוות, בלי לציין במפורש את הגורם או הכוונה שמאחוריו.",נספה (2)
חוסל,6,מוות של בני אדם בסכסוך/אלימות/אסון,"מונח המתאר הריגה של אדם, בדרך כלל פעיל אויב או יעד צבאי, במסגרת ""חיסול"" או ""סיכול ממוקד"", המדגיש את הצלחת הפעולה והוצאתו של היעד מהמערכה.",חוסל (6)
נוטרל,3,מוות של בני אדם בסכסוך/אלימות/אסון,"מונח המשמש לתיאור מצב שבו אדם שנחשב איום ביטחוני חדל מלהיות מסוכן, לרוב בעקבות התערבות צבאית, משטרתית או ביטחונית. המילה מתמקדת בהסרת האיום ולא מתארת במפורש אם נהרג.",נוטרל (3)
טבח,34,הרג המוני מכוון של אוכלוסייה,"מונח המתאר הרג או רצח המוני, ישיר ומכוון, של אזרחים, שמדגיש את האכזריות, חוסר האבחנה והעוצמה הטראומטית של האירוע – ולא רק את מספר ההרוגים.",טבח (25); הטבח (7); וטבח (1); בטבח (1)
רצח עם,6,הרג המוני מכוון של אוכלוסייה,"מונח משפטי־פוליטי המתאר פשע שבו ננקטים מעשים כמו הרג, גרימת נזק חמור, יצירת תנאי חיים הרסניים, מניעת לידות או העברת ילדים – הכל בכוונה להשמיד, כולו או חלקו, קבוצה לאומית, אתנית, גזעית או דתית.",רצח עם (4); ורצח עם (1); ברצח עם (1)
סילוואן,6,המרחב הארכאולוגי־עירוני מדרום לחומות העיר העתיקה בירושלים,"שם של שכונה פלסטינית בדרום־מזרח ירושלים, מדרום למתחם הר הבית, הבנויה על מורדות הר הזיתים סביב נחל קדרון. מתגוררים בה עשרות אלפי תושבים פלסטינים ומיעוט יהודי קטן. בעברית נקראה השכונה בעבר גם “כפר השילוח”.",סילוואן (5); בסילוואן (1)
עיר דוד,7,המרחב הארכאולוגי־עירוני מדרום לחומות העיר העתיקה בירושלים,"שם המותג הארכאולוגי־תיירותי של אתר הנמצא מדרום להר הבית, בתחומי השכונה הפלסטינית סילוואן. האתר מנוהל כגן לאומי וכאתר תיירות, ומוצג לעיתים כמקום שבו נוסדה ירושלים וכמקום מושבם של דוד המלך ויורשיו לפי סיפורי המקרא.",עיר דוד (7)
שמאלנים,51,מחנה המחאה הליברלי נגד נתניהו והרפורמה המשפטית,"כינוי לבעלי עמדות המזוהות עם השמאל הישראלי, לרוב כאלה התומכים בהסדרים מדיניים עם הפלסטינים, בצמצום או סיום השליטה הישראלית בגדה, בשמירה על זכויות אדם ובקידום שוויון אזרחי וכלכלי, ולעיתים גם בהפרדת דת ומדינה. בשיח היומיומי בישראל משמש המונח גם כתווית כללית ולעיתים שלילית כלפי מי שנתפס כמתנגד לעמדות הימין, לא פעם בלי קשר מדויק לעמדותיו הפוליטיות הקונקרטיות.",השמאל (27); שמאל (15); 0מאלנים (4); שמאלנים (3); והשמאל (1); ושמאל (1)
קפלניסטים,4,מחנה המחאה הליברלי נגד נתניהו והרפורמה המשפטית,"כינוי שנולד סביב מחאת קפלן בתל אביב ומתאר את מי שמזוהים עם המחאה נגד ההפיכה המשטרית ונגד נתניהו. הכינוי מזוהה בראש ובראשונה עם המפגינים בקפלן, אבל בהדרגה הוחל על כל מי שמזוהה עם מחנה האופוזיציה. בשימוש הרווח הוא משמש בעיקר ככינוי גנאי.",קפלניסטים (4)
אנרכיסטים,4,מחנה המחאה הליברלי נגד נתניהו והרפורמה המשפטית,"כינוי לקבוצות ואנשים הנתפסים כמי שפועלים לערער או “להפיל” סדר שלטוני קיים. בשיח הישראלי העכשווי לרוב זאת תווית שמודבקת למפגינים, פעילים נגד הכיבוש או מחאות נגד הממשלה, גם אם הם פועלים במסגרת מחאה דמוקרטית. לעתים מתייחס הכינוי גם לקבוצה אידיאולוגית קטנה המזוהה עם אנרכיזם פוליטי.",אנרכיסטים (4)
בוגדים,2,מחנה המחאה הליברלי נגד נתניהו והרפורמה המשפטית,"כינוי שמודבק למחנה המחאה הליברלי נגד נתניהו והרפורמה המשפטית, המציג אותו לא רק כטועה פוליטית או אידיאולוגית, אלא כמי שפועל נגד העם, המדינה או האומה. השימוש בכינוי מכיל את הטענה שהמחאה והעמדות של אותו מחנה אינן חלק מהשיח הדמוקרטי, אלא מהוות חתירה תחת המדינה תוך שיתוף פעולה, מודע או לא מודע, עם אויביה.",בוגדים (2)
ימנים,4,מחנה הימין התומך בבנימין נתניהו,"כינוי לבעלי עמדות המזוהות עם הימין הישראלי, לרוב כאלה המדגישים לאומיות יהודית, התנגדות לוויתורים טריטוריאליים ותמיכה בקו ביטחוני תקיף, ולעיתים גם שמרנות בתחום מוסדות המשפחה והזהות הלאומית. בשיח היומיומי משמש המונח גם כתווית זהות רחבה למי שמזוהה עם מחנה הימין, לעיתים מבלי להתייחס במדויק לעמדותיו הקונקרטיות בתחומים מדיניים, כלכליים או חברתיים.",ימנים (4)
ביביסטים,4,מחנה הימין התומך בבנימין נתניהו,"כינוי פוליטי לתומכיו של בנימין נתניהו (“ביבי”), במיוחד כאלה הנתפסים כתומכים מושבעים ובלתי־מתפשרים בו ובמדיניותו, ולעיתים כבעלי “ביביזם” – נאמנות אישית לנתניהו המלווה בהתנגדות חריפה ליריביו; משמש גם ככינוי גנאי כללי למצביעי ליכוד וימין.",ביביסטים (4)
כיבוש,51,שלטון צבאי ישראלי על אוכלוסייה פלסטינית,"מונח משפטי ופוליטי המתאר מצב שבו שטח נמצא בשליטה של צבא זר, ללא החלת ריבונות רשמית עליו, במסגרת “תפיסה לוחמתית”; בהקשר הישראלי משמש בדרך כלל לתיאור השליטה הישראלית בגדה המערבית, בירושלים המזרחית ולעיתים בעזה, המסמנת את ישראל כישות כובשת ואת האוכלוסיה הפלסטינית באיזור כנתונה תחת כיבוש.",כיבוש (29); הכיבוש (18); וכיבוש (3); בכיבוש (1)
ממשל צבאי,6,שלטון צבאי ישראלי על אוכלוסייה פלסטינית,"מבנה שלטון שבו סמכויות רחבות על מרחב ואוכלוסייה אזרחית מופעלות על ידי הצבא במקום על ידי רשויות אזרחיות; בדרך כלל בעקבות מלחמה, כיבוש או מצב חירום, ולעיתים בהחלטת ממשלה להעביר סמכויות אזרחיות לידי גורמים צבאיים. בישראל המונח מזוהה במיוחד עם הממשל הצבאי שהוטל על אזרחי ישראל הערבים בין 1948 ל־1966, וכן עם מודלים מוצעים של שליטה צבאית ישראלית במרחבים כמו רצועת עזה או הגדה המערבית.",ממשל צבאי (6)
סיכול ממוקד,7,הרג יזום של יעד ביטחוני בידי מדינת ישראל,"מונח רשמי של ממשלות ישראל וצה""ל המתאר פעולת הרג יזומה ומכוונת של אדם או קבוצה המוגדרים כיעד טרור, מתוך מטרה מוצהרת ""לסכל"" פיגועים עתידיים ולפגוע ביכולת ארגון הטרור, תוך צמצום, לכאורה, של הפגיעה באזרחים בלתי מעורבים.",סיכול ממוקד (7)
חיסול,17,הרג יזום של יעד ביטחוני בידי מדינת ישראל,"מונח צבאי־ישראלי להריגה יזומה וממוקדת של אדם המוגדר כיעד אויב, כגון מפקד, מנהיג או בכיר בארגון חמוש.",חיסול (15); החיסול (2)
הוצאה להורג,7,הרג יזום של יעד ביטחוני בידי מדינת ישראל,"הריגת אדם כענישה רשמית לאחר פסיקת בית משפט, או כפעולה יזומה ומאורגנת על ידי גורמי שלטון, צבא וארגונים.  בהקשרים אחרים, ובעיקר בשיח ביקורתי, המונח משמש גם לתיאור הריגה מכוונת בידי המדינה או סוכניה ללא הליך משפטי מלא. בשיח על הסיכולים הממוקדים בישראל, נעשה לעיתים שימוש בביטוי ""הוצאה להורג ללא משפט"" כדי לתאר פעולות אלה ולהדגיש את היעדרו של הליך שיפוטי.",הוצאה להורג (7)
התנקשות,10,הרג יזום של יעד ביטחוני בידי מדינת ישראל,"ביטוי צבאי־משפטי המתאר פגיעה בלתי מכוונת באזרחים, ברכוש אזרחי או בתשתיות אזרחיות במהלך תקיפת מטרה צבאית. בדיני הלחימה, פגיעה כזו עשויה להיחשב מותרת אם היא עומדת בעקרון המידתיות.",התנקשות (10)
נזק אגבי,4,פגיעה באזרחים במהלך תקיפות צבאיות,מונח צבאי־משפטי המתייחס לפגיעה באזרחים ובנכסים אזרחיים במהלך תקיפה צבאית שמתוארת כלגיטימית. מדובר בפגיעה משנית למטרה הצבאית שנחשבת מותרת מבחינת הדין הבינלאומי אם היא עומדת בדרישות ההבחנה והמידתיות.,נזק אגבי (4)
פגיעה בבלתי מעורבים,3,פגיעה באזרחים במהלך תקיפות צבאיות,"תיאור של פגיעה באזרחים ובנכסים אזרחיים במהלך פעולה צבאית, כשהם מסומנים כמי שאינם משתתפים בלחימה (“בלתי מעורבים”)",פגיעה בבלתי מעורבים (3)
הרג אזרחים,7,פגיעה באזרחים במהלך תקיפות צבאיות,תיאור ישיר של מצב שבו אזרחים שאינם משתתפים בלחימה נהרגים בפעולה צבאית.,הרג אזרחים (7)
אש לא מידתית,1,פגיעה באזרחים במהלך תקיפות צבאיות,"כינוי ביקורתי לפעולה צבאית שבה הנזק שנגרם לאזרחים ולתשתיות אזרחיות גדול מהיתרון הצבאי הצפוי ממנה ולפיכך היא מפרה, לשיטת המשתמשים במונח, את עקרון המידתיות במשפט ההומניטרי הבינלאומי.",אש לא מידתית (1)
מעצר מנהלי,6,שלילת חירות ללא כתב אישום והליך פלילי מלא,"כליאה של אדם בצו ללא כתב אישום וללא משפט פלילי, על בסיס מידע חסוי, בטענה שהוא מסכן את ביטחון המדינה או הציבור – לתקופה קצובה הניתנת להארכה שוב ושוב.",מעצר מנהלי (6)
כליאה ללא משפט,3,שלילת חירות ללא כתב אישום והליך פלילי מלא,"ביטוי המשמש לתיאור שלילת חירותו של אדם ללא הליך פלילי, הכולל הגשת כתב אישום, משפט ופסק דין. המונח עשוי להתייחס למצבים שבהם הכליאה נעשית מכוח הסדרים משפטיים מיוחדים – כגון מעצר מנהלי או חוקים המתירים החזקה ללא משפט– גם כאשר היא מותרת לפי הדין המקומי. השימוש בביטוי מדגיש את היעדרו של הליך פלילי ואת הפגיעה האפשרית בזכויות האדם.",כליאה ללא משפט (2); בכליאה ללא משפט (1)
הסכסוך,34,המצב המדיני־ביטחוני בין ישראל לפלסטינים מאז 1967,"כינוי ניטרלי־לכאורה למערכת היריבות, האלימות והמאבק הפוליטי והטריטוריאלי בין יהודים־ישראלים לבין ערבים־פלסטינים.",הסכסוך (23); סכסוך (7); בסכסוך (3); והסכסוך (1)
הכיבוש,51,המצב המדיני־ביטחוני בין ישראל לפלסטינים מאז 1967,"כינוי המשמש בעיקר בשיח הפוליטי־ציבורי ביחס לשליטה הצבאית והאזרחית שמפעילה ישראל מאז 1967 בשטחים שנכבשו במלחמת ששת הימים, ובהם הגדה המערבית, מזרח ירושלים ובעבר רצועת עזה.",כיבוש (29); הכיבוש (18); וכיבוש (3); בכיבוש (1)
אפרטהייד,10,המצב המדיני־ביטחוני בין ישראל לפלסטינים מאז 1967,"כינוי המשמש בעיקר בשיח הפוליטי והמשפטי ביחס למדיניות ישראל כלפי פלסטינים, בעיקר בשטחים שמחוץ לגבולה הריבוני, ומציג אותה כמשטר של הפרדה, שליטה ודיכוי ממוסד של קבוצה אחת על קבוצה אחרת, בהתאם להגדרות פשע האפרטהייד במשפט הבין־לאומי. מקור המונח במשטר האפרטהייד שהונהג בדרום אפריקה בין השנים 1948–1994, והוא משמש בהשאלה לתיאור מצבים הנתפסים כהפרדה ממוסדת בין קבוצות אוכלוסייה.",אפרטהייד (6); האפרטהייד (4)
סיוע הומניטרי,5,העברת אספקה אזרחית לשטח בשליטת ארגון אויב,"מונח המתאר סיוע הניתן לאוכלוסיות נפגעות במצבי משבר, כגון מלחמות, אסונות טבע, רעב ומגפות, במטרה לספק צרכים בסיסיים ומיידיים, ובהם מזון, מים, תרופות, ציוד רפואי, מחסה ותשתיות חיוניות.",סיוע הומניטרי (5)
סיוע לאויב,4,העברת אספקה אזרחית לשטח בשליטת ארגון אויב,"מונח המתאר העברת סחורות, מידע או משאבים לגורמים המוגדרים כ""אויב"", באופן שמציג את הפעולה כתמיכה בצד הנלחם נגד ישראל, גם כאשר היא נעשית במסגרת סיוע הומניטרי או פעילות אזרחית.",סיוע לאויב (4)
עולים,14,הגעה של תושבי חוץ להשתקעות בישראל,"יהודים וקרובי משפחה של יהודים שהיגרו לישראל במטרה להשתקע, וזכאים למעמד של עולה בהתאם לחוק השבות ולחוקי הכניסה לישראל.",עולים (12); העולים (1); בעולים (1)
מהגרים,8,הגעה של תושבי חוץ להשתקעות בישראל,אנשים שעברו להתגורר בישראל ממדינה אחרת שלא מכוח חוק השבות. בישראל משמש המונח בעיקר ביחס למי שאינם זכאים למעמד של עולה.,מהגרים (7); ומהגרים (1)
מאורעות תרצ״ו–תרצ”ט,4,התקוממות הערבים בארץ ישראל נגד הבריטים והיישוב היהודי (1936–1939),"השם להתקוממות הערבית המאורגנת בארץ ישראל המנדטורית בשנים 1936–1939 נגד שלטון המנדט הבריטי והתנועה הציונית, שכללה שביתה כללית, מרי אזרחי ופעולות אלימות מזוינות.",מאורעות תרצ״ו–תרצ”ט (4)
המרד הערבי הגדול,5,התקוממות הערבים בארץ ישראל נגד הבריטים והיישוב היהודי (1936–1939),"הכינוי המקובל במחקר ובשיח הערבי להתקוממות הערבית המאורגנת בארץ ישראל המנדטורית בשנים 1936–1939 נגד שלטון המנדט הבריטי והתנועה הציונית. ההתקוממות כוונה נגד שלטון המנדט הבריטי ונגד התנועה הציונית, וכללה שביתה כללית, מרי אזרחי ופעולות אלימות מזוינות.",המרד הערבי הגדול (5)
קו שביתת הנשק,1,הגבול בין ישראל לשכנותיה על פי הסכמי שביתת הנשק 1949,"השם לקו שנקבע בהסכמי שביתת הנשק לאחר מלחמת העצמאות, המסמן את קו הפרדת הכוחות על בסיס שיקולים צבאיים, מבלי לקבוע את הגבול המדיני הקבוע בינהם.",קו שביתת הנשק (1)
הקו הירוק,12,הגבול בין ישראל לשכנותיה על פי הסכמי שביתת הנשק 1949,"כינוי לקווי שביתת הנשק שנקבעו בין ישראל לשכנותיה בהסכמי שביתת הנשק של 1949, אשר שימשו כגבולה דה־פקטו של ישראל עד 1967. שמו של הקו נובע מכך שסורטט בצבע ירוק על מפות המשא ומתן.",הקו הירוק (12)
גבולות אושוויץ,2,הגבול בין ישראל לשכנותיה על פי הסכמי שביתת הנשק 1949,"ביטוי המשמש לתיאור הקו הירוק כגבול מסוכן עד כדי סכנת השמדה. המונח נועד להמחיש את העמדה שלפיה חזרה לגבולות 1967 תעמיד את מדינת ישראל במצב דומה, מבחינת פגיעוּת ביטחונית, לגורל יהודי אושוויץ.",גבולות אושוויץ (2)
עיירות פיתוח,3,יישובים יהודיים בעשירונים נמוכים מחוץ למרכז ההיסטורי,"יישובים עירוניים שהוקמו על ידי מדינת ישראל, בעיקר בשנות ה־50 וה־60, במטרה לקלוט גלי עלייה, לפזר אוכלוסייה מחוץ למרכז ולשמש מוקדי פיתוח אזוריים.",עיירות פיתוח (3)
ערי פריפריה,1,יישובים יהודיים בעשירונים נמוכים מחוץ למרכז ההיסטורי,"כינוי לערים וליישובים עירוניים המזוהים עם הפריפריה בישראל, במובן גיאוגרפי, חברתי־כלכלי ופוליטי. המונח מתייחס למקומות הנתפסים כשוליים ביחס למוקדי הכוח והמשאבים במדינה.",ערי פריפריה (1)
הפרעה לסדר הציבורי,1,יציאה המונית של אנשים למרחב הציבורי כדי למחות או להביע עמדה,"כינוי המשמש בעיקר את רשויות המדינה, המשטרה והתקשורת לתיאור התכנסות במרחב הציבורי הנתפסת כהפרה של הסדר הציבורי, וכוללת, לפי מסגור זה, שיבוש תנועה, אלימות או פגיעה בביטחון.",הפרעה לסדר הציבורי (1)
הפגנות,17,יציאה המונית של אנשים למרחב הציבורי כדי למחות או להביע עמדה,"התכנסויות של אנשים במרחב הציבורי שבהן הם מביעים עמדה פוליטית או חברתית, מחאה על מדיניות או תמיכה בצעד מסוים, באמצעות נוכחות פיזית, שלטים, סיסמאות, נאומים ולעיתים גם חסימות וצעדות.",הפגנות (9); והפגנות (3); ההפגנות (3); וההפגנות (1); בהפגנות (1)
מחאות,49,יציאה המונית של אנשים למרחב הציבורי כדי למחות או להביע עמדה,"פעולות קולקטיביות של אנשים במרחב הציבורי שמטרתן להביע התנגדות למדיניות, דרישה לשינוי, או זעקה על עוול, אפליה או הזנחה.",מחאה (18); המחאה (16); מחאות (11); במחאה (3); והמחאה (1)
נערי גבעות,2,צעירים יהודים רדיקלים המזוהים עם התיישבות קיצונית ואלימות לאומנית ביהודה ושומרון,"כינוי מקובל בישראל לצעירים יהודים, לרוב דתיים־לאומיים, המזוהים עם מאחזים, חיים במרחבי גבעות ביהודה ושומרון, אקטיביזם התיישבותי רדיקלי ולעיתים גם עימותים עם פלסטינים, כוחות הביטחון או רשויות המדינה.",נערי גבעות (2)
יודונאצים,1,צעירים יהודים רדיקלים המזוהים עם התיישבות קיצונית ואלימות לאומנית ביהודה ושומרון,"כינוי גנאי שטבע ישעיהו ליבוביץ בשנות ה־80 במסגרת ביקורתו על הכיבוש ועל התנהלות ישראל בשטחים. כיום הוא משמש ביחס ליהודים הנתפסים כמבצעים או תומכים באלימות קשה כלפי פלסטינים, תוך השוואתם לנאצים.",יודונאצים (1)
מתנחבלים,1,צעירים יהודים רדיקלים המזוהים עם התיישבות קיצונית ואלימות לאומנית ביהודה ושומרון,"הלחם בין המילים ""מתנחלים"" ו""מחבלים"" לכינוי גנאי לצעירים בעלי עמדות לאומניות המזוהים עם ההתיישבות ביהודה ושומרון.",מתנחבלים (1)
מצור,2,מצב כלכלי-ביטחוני של הגבלת כניסת סחורות לרצועת עזה,,מצור (2)
סגר,2,מצב כלכלי-ביטחוני של הגבלת כניסת סחורות לרצועת עזה,"מדיניות של פיקוח והגבלה על תנועת אנשים, סחורות ומשאבים אל אזור מסוים וממנו, לרוב מטעמים ביטחוניים או מדיניים. בישראל המונח משמש במיוחד ביחס להגבלות התנועה אל רצועת עזה וממנה.",סגר (2)
שוויון בנטל,1,תביעה ציבורית ופוליטית לגייס גברים חרדים לשירות צבאי בדומה לשאר האוכלוסייה,"כינוי לעיקרון שלפיו כלל האוכלוסיות החייבות בגיוס לצה""ל צריכות לשאת בחובת השירות באופן שוויוני, ובפרט ביחס לגיוס גברים חרדים.",שוויון בנטל (1)
גזירת הגיוס,2,תביעה ציבורית ופוליטית לגייס גברים חרדים לשירות צבאי בדומה לשאר האוכלוסייה,הכינוי החרדי למדיניות או ליוזמות המבקשות להחיל חובת שירות צבאי על גברים חרדים.,גזירת הגיוס (2)
חוק הגיוס,1,תביעה ציבורית ופוליטית לגייס גברים חרדים לשירות צבאי בדומה לשאר האוכלוסייה,הכינוי הרשמי לחקיקה העוסקת בהסדרת חובת השירות הצבאי ומעמד הגיוס של גברים חרדים בישראל.,חוק הגיוס (1)
